"","VFI.U1","VFI.U2","VFI.U3","VFI.U4","VFI.U5","VFI.V1","VFI.V2","VFI.V3","VFI.V4","VFI.V5","VFI.E1","VFI.E2","VFI.E3","VFI.E4","VFI.E5","VFI.P1","VFI.P2","VFI.P3","VFI.P4","VFI.P5","VFI.C1","VFI.C2","VFI.C3","VFI.C4","VFI.C5","VFI.NB1","VFI.NB2","VFI.NB3","VFI.NB4","VFI.NB5","Ctrl_2","Att_1","Att_2","Att_3","Att_4","Att_5","Att_6","Att_7","Att_8","Att_9","SN_1","SN_2","SN_3","SN_4","SN_5","PBC_1","PBC_2","PBC_4","PBC_5","Int_1","Int_2","Int_4"
"1",4,4,4,5,4,7,6,6,7,5,1,3,6,1,5,4,2,5,6,5,5,3,6,5,4,7,5,6,5,4,4,5,6,5,4,4,6,5,6,6,5,5,4,6,5,6,4,5,6,5,5,4
"2",7,7,7,6,6,7,7,7,7,7,6,5,4,4,6,7,6,4,4,5,7,7,6,5,7,7,5,5,5,5,5,7,7,5,7,7,7,7,7,7,5,5,5,7,5,6,5,6,6,5,5,5
"3",6,5,5,5,5,6,1,6,7,6,4,4,4,4,5,4,4,2,4,5,6,4,4,4,6,4,4,4,4,4,4,5,5,5,6,6,4,5,5,5,5,4,4,4,4,3,5,4,5,3,3,4
"4",6,5,6,5,5,6,4,6,7,6,4,4,5,4,5,4,4,1,1,1,6,6,5,6,7,1,1,1,1,1,1,6,5,5,5,6,6,5,6,6,1,1,1,7,1,2,1,5,2,1,1,1
"5",6,6,7,6,7,7,6,7,7,6,6,3,6,4,6,4,5,6,5,5,7,7,6,7,6,3,3,5,3,5,2,7,6,6,6,6,7,5,7,7,5,3,4,6,5,3,5,6,2,5,6,6
"6",3,6,5,5,7,5,5,5,6,5,5,3,6,5,5,3,6,5,5,3,1,2,6,2,5,2,2,2,2,2,2,4,4,4,4,4,5,4,5,5,4,4,2,6,2,7,5,5,7,3,3,3
"7",7,6,4,6,5,6,7,6,6,7,6,5,5,4,3,1,3,2,3,4,6,5,6,6,6,6,4,4,2,4,5,6,5,6,5,6,7,5,7,7,3,6,4,7,4,7,4,6,6,7,7,7
"8",5,2,4,4,1,3,1,5,5,1,1,1,1,1,5,1,1,1,1,1,6,5,5,4,5,5,1,1,1,1,1,5,5,5,5,4,5,5,5,6,1,1,1,7,1,7,6,6,7,1,1,1
"9",7,7,7,7,5,7,7,7,7,7,7,5,6,7,4,7,4,2,2,3,7,7,4,4,5,5,5,7,5,5,7,7,7,5,6,6,7,5,5,7,4,4,5,7,6,6,6,7,5,3,3,3
"10",5,6,6,7,6,6,6,6,6,6,7,6,6,6,5,7,7,4,7,7,5,5,5,5,7,2,5,5,1,6,5,7,7,5,7,6,6,5,6,7,4,2,3,6,3,6,5,6,7,4,5,5
"11",5,7,7,7,6,7,7,7,7,6,6,5,5,5,3,6,6,3,3,5,7,6,7,6,5,7,5,6,6,6,7,7,7,7,7,7,7,7,7,7,7,7,7,7,7,7,7,7,7,7,7,7
"12",2,2,2,4,7,6,5,2,3,5,5,2,4,4,7,1,2,3,3,4,7,2,2,3,7,1,3,2,2,1,5,7,4,4,4,4,5,4,5,4,2,4,4,7,4,2,7,7,2,4,7,2
"13",1,2,5,7,1,6,6,7,7,6,7,1,5,7,2,2,6,5,2,2,5,1,2,1,2,5,3,3,6,5,7,7,5,3,5,5,7,3,4,7,7,6,5,7,5,7,5,6,7,1,1,3
"14",6,6,6,6,6,6,4,6,6,6,6,6,7,6,6,6,3,1,2,3,7,6,6,6,6,6,5,6,3,6,6,5,6,5,6,6,6,7,6,6,6,7,4,7,7,7,6,7,7,6,7,6
"15",7,6,6,6,6,7,7,6,6,6,1,2,3,3,7,5,3,1,6,5,6,3,6,6,6,2,2,2,2,2,6,6,6,6,6,6,6,6,6,6,3,2,3,7,2,6,6,6,6,7,6,6
"16",5,6,6,6,4,6,6,6,7,5,4,4,2,4,2,2,1,4,1,1,6,7,4,5,7,5,4,5,5,6,6,7,4,6,6,6,7,6,7,7,5,4,4,7,6,7,6,7,7,7,6,7
"17",5,4,5,6,5,5,5,6,7,5,5,4,5,5,5,3,5,5,2,3,6,6,5,5,7,5,3,4,5,4,5,7,6,6,6,6,7,6,7,7,3,5,4,6,5,6,6,7,6,7,7,7
"18",6,7,6,6,6,7,6,6,7,6,5,6,5,5,5,6,6,6,6,6,4,2,4,4,4,2,3,2,1,3,3,7,7,7,7,6,6,7,7,7,4,2,3,3,3,2,5,6,7,3,3,3
"19",6,6,4,6,6,6,6,5,6,6,3,4,5,3,3,6,5,3,5,5,6,3,5,5,3,6,3,2,5,3,3,6,6,6,6,5,6,6,6,6,3,3,2,6,4,6,2,5,7,6,6,5
"20",5,6,6,6,6,3,2,3,4,6,2,4,5,4,6,2,4,4,4,3,5,5,5,5,7,3,2,2,2,4,3,5,5,5,5,5,5,4,5,5,1,2,1,3,2,5,4,6,7,3,3,3
"21",5,6,6,6,6,6,6,6,7,6,6,4,6,6,6,5,6,5,3,5,4,4,4,3,5,2,4,3,2,4,3,7,7,7,7,7,7,7,7,7,3,3,6,7,7,7,7,6,7,4,4,5
"22",7,7,7,7,7,7,6,7,7,7,7,7,7,7,5,7,7,4,7,7,4,4,7,4,1,2,5,5,5,7,5,7,7,7,7,7,7,7,7,7,7,7,7,7,7,7,7,7,7,7,7,7
"23",5,4.5,6,2,5,7,7,6,7,6,4,1,3,1,3,5,1,1,1,1,3,1,5,1,1,7,7,5,4,5,7,7,7,7,7,6,7,7,7,7,7,5,6,7,5,7,7,7,7,7,7,7
"24",5,6,6,5,6,6,6,5,7,6,6,3,4,5,6,6,5,3,4,4,5,5,4,5,5,5,3,5,5,2,5,6,6,6,6,6,6,6,6,6,6,5,5,7,5,6,5,7,7,4,6,6
"25",6,7,6,6,6,7,6,6,7,6,6,5,3,5,6,6,5,2,5,4,6,5,5,5,6,6,7,6,5,6,5,7,7,6,7,7,7,7,7,7,6,6,3,7,7,7,5,7,7,4,5,4
"26",6,5,7,6,6,4,6,6,6,6,6,6,6,6,7,5,5,6,5,5,5,7,6,6,7,3,3,6,5,6,6,7,7,7,7,7,7,6,7,7,6,6,6,7,6,6,6,6,6,6,7,7
"27",7,6,6,7,6,7,7,7,6,7,7,7,2,2,2,1,2,7,2,2,7,7,6,6,6,7,7,5,7,7,5,7,3,3,6,6,7,3,6,6,7,6,6,7,6,7,4,7,6,5,5,6
"28",6,7,6,5,7,7,6,7,7,7,7,6,4,6,6,7,7,4,7,6,5,6,5,7,7,6,2,7,6,4,5,7,7,7,7,7,7,7,7,7,7,7,7,7,4,7,7,7,7,6,6,5
"29",6,5,4,5,5,6,6,7,6,5,4,5,4,4,5,4,3,4,4,4,5,5,4,4,6,7,5,5,5,5,6,7,7,7,7,7,7,7,7,7,6,6,5,6,6,7,7,7,7,4,4,4
"30",4,4,4,4,5,5,6,6,5,3,4,3,2,4,3,2,2,3,3,1,5,4,4,3,4,4,3,3,2,2,2,4,6,5,5,5,5,5,5,6,3,3,4,4,4,7,5,4,7,3,3,4
"31",1,5,7,5,7,6,5,5,5,4,1,4,5,5,5,4,1,5,1,4,5,5,7,6,7,1,1,1,1,1,1,7,5,4,7,7,6,4,4,7,2,3,4,6,4,7,6,7,7,7,7,7
"32",6,3,5,2,6,3,7,3,5,7,5,6,5,6,2,2,2,1,1,1,5,2,5,7,6,6,5,5,3,6,6,6,6,6,5,6,6,5,6,6,3,2,2,7,5,7,6,7,7,3,3,2
"33",6,5,2,6,5,6,2,6,5,3,5,4,2,2,5,5,2,2,2,3,5,6,5,4,6,5,4,4,4,2,4,6,5,5,5,5,5,5,4,5,6,5,5,5,5,5,5,6,5,6,5,5
"34",7,7,7,6,7,7,7,7,7,7,3,5,3,2,6,7,6,2,4,3,5,5,7,5,3,1,2,2,1,2,6,6,6,5,6,7,7,7,7,7,2,1,1,5,2,7,5,7,7,7,7,7
"35",5,5,6,4,7,6,6,5,7,6,4,4,3,5,5,2,2,3,4,2,4,2,2,2,6,3,2,2,2,4,3,6,5,5,5,4,7,5,6,7,3,4,4,5,4,7,7,7,5,4,4,4
"36",4,5,6,7,7,3,5,5,5,7,6,4,5,5,5,4,4,3,4,4,6,7,5,6,5,5,5,5,5,5,5,6,5,5,5,5,6,6,6,6,4,5,5,7,7,7,6,5,6,6,6,2
"37",6,7,6,6,6,6,6,7,7,6,6,6,6,6,6,5,5,5,5,6,5,6,6,6,6,5,6,5,5,5,4,7,7,7,6,7,7,7,7,7,5,5,5,7,6,4,6,5,7,4,4,4
"38",6,6,6,6,6,7,6,7,6,7,6,3,5,3,5,3,3,5,3,3,6,6,5,6,7,6,4,3,3,5,3,7,5,6,6,6,6,5,7,7,6,4,6,7,5,3,3,6,5,7,7,7
"39",1,6,3,7,4,6,6,6,7,4,6,1,5,5,2,2,4,1,1,3,2,5,6,2,7,2,6,4,1,5,3,7,7,7,7,7,7,7,6,7,4,1,4,7,5,7,7,7,7,7,5,7
"40",5,5,6,6,6,6,5,5,7,5,5,6,5,5,5,3,4,6,5,4,6,5,4,6,6,2,5,5,5,5,3,6,6,5,5,6,6,6,7,6,5,5,5,6,5,7,7,6,6,5,5,5
"41",7,7,7,7,7,6,5,7,6,7,7,7,7,5,5,5,3,4,3,5,7,1,4,7,7,3,1,1,1,7,3,7,7,7,5,7,7,4,7,7,3,1,2,7,7,7,3,7,6,5,7,7
"42",6,7,7,7,7,7,1,7,7,7,7,7,7,7,7,7,7,6,6,7,7,7,7,7,7,5,6,7,5,6,5,7,7,7,7,7,7,7,7,7,7,7,7,7,7,7,7,7,7,7,7,7
"43",7,6,6,6,7,7,6,7,6,7,6,6,4,3,4,5,1,2,4,4,6,7,5,6,7,2,4,2,1,5,3,7,7,7,7,7,7,7,7,7,7,7,4,7,7,7,7,7,7,7,7,7
"44",7,7,7,7,7,7,7,7,6,7,5,5,5,5,7,6,4,4,5,4,5,5,7,7,4,2,5,2,2,1,6,7,7,7,7,4,4,7,7,7,4,4,3,5,2,7,7,7,7,7,7,7
"45",6,6,6,5,6,3,6,6,6,6,6,5,5,5,4,5,5,4,5,5,6,6,6,6,7,5,5,6,6,5,2,6,5,5,5,6,6,6,6,6,7,6,6,6,6,5,5,6,5,7,7,6
"46",6,6,6,6,6,6,6,7,6,5,5,3,3,3,5,4,5,3,5,4,5,5,5,5,5,3,2,2,2,4,3,5,5,5,5,5,6,6,6,6,2,2,2,6,4,4,5,5,5,4,4,5
"47",6,5,5,6,7,6,5,5,6,6,6,6,6,6,5,3,6,7,3,6,5,6,3,6,6,6,7,7,2,6,6,6,6,6,6,6,6,6,6,6,3,5,4,7,5,7,7,7,7,7,7,7
"48",5,5,5,5,4,5,5,4,6,4,5,4,3,2,4,3,4,4,3,3,5,5,4,3,5,5,5,5,4,4,5,6,5,6,6,6,5,5,5,5,5,5,5,5,4,6,6,5,6,5,5,5
"49",5,5,5,6,6,5,4,6,6,6,7,5,6,6,6,6,5,2,6,6,6,5,6,6,6,5,3,2,2,5,6,7,7,6,6,7,7,6,7,7,4,3,4,7,6,7,6,7,7,6,7,7
"50",7,7,7,7,6,5,7,6,5,7,6,7,7,7,5,6,6,5,4,7,6,7,7,7,7,3,4,4,4,4,6,7,7,6,7,6,7,2,7,7,6,1,4,4,4,6,5,4,1,3,5,5
"51",3,5,5,7,6,7,3,7,7,4,3,6,6,5,4,2,5,3,5,4,6,7,5,5,7,1,3,4,1,4,3,7,7,7,6,5,5,7,6,7,5,6,3,7,7,6,3,4,7,4,5,5
"52",7,6,7,7,7,7,7,7,7,7,4,5,4,6,7,6,3,7,5,7,7,7,6,7,7,7,6,7,6,7,7,7,6,7,6,6,7,6,7,7,7,6,6,7,6,7,6,6,7,7,7,7
"53",6,6,7,7,7,4,6,6,7,7,7,7,6,7,5,7,6,6,7,7,7,6,7,7,7,5,5,6,3,7,7,7,7,7,7,7,7,7,7,7,4,4,4,6,6,7,6,7,7,6,6,6
"54",7,7,7,6,6,5,4,7,6,7,6,5,6,4,6,1,6,1,1,5,7,7,4,6,7,3,1,1,2,2,4,7,7,7,7,7,7,7,7,6,4,6,4,7,7,7,5,6,7,5,6,5
"55",5,5,6,5,5,6,6,6,6,5,5,5,6,6,5,5,5,5,5,5,5,5,6,5,6,6,5,5,5,5,5,6,5,5,5,5,5,5,5,5,5,4,4,4,5,5,3,3,3,7,7,6
"56",7,7,7,7,6,7,7,7,6,6,3,5,3,3,6,5,2,2,2,2,7,7,6,6,5,5,5,2,3,2,2,7,7,7,7,7,7,6,7,7,6,4,4,7,5,5,3,7,5,5,6,7
"57",5,7,5,7,6,6,6,6,6,6,6,3,6,6,5,6,6,3,5,5,6,5,6,7,6,4,5,4,3,4,3,7,5,5,3,5,6,5,6,5,6,6,6,6,7,7,3,7,7,7,7,6
"58",7,7,7,7,7,7,7,7,7,7,6,4,7,5,5,7,6,5,6,5,6,7,7,7,6,5,4,5,4,4,7,7,7,7,7,7,7,7,7,7,6,5,4,4,5,6,7,7,7,7,7,7
"59",7,7,7,7,7,7,7,7,7,7,7,7,7,7,7,7,7,7,7,7,7,7,7,7,7,7,7,7,7,7,7,7,7,7,7,7,7,7,7,7,7,7,7,7,7,7,7,7,6,7,7,7
"60",7,6,7,7,5,7,6,7,7,7,5,5,5,5,5,4,6,4,5,4,7,7,5,7,7,4,1,1,1,1,2,7,6,6,6,6,7,5,7,6,3,4,5,7,5,7,6,7,7,6,6,6
"61",6,6,6,5,7,5,6,6,7,6,5,5,5,6,7,6,5,6,5,5,6,6,6,5,7,5,3,3,3,3,3,6,6,7,7,6,7,7,6,7,3,2,3,4,5,6,5,6,6,2,2,4
"62",5,6,6,5,6,3,5,6,6,4,5,6,5,5,6,3,5,3,1,5,5,3,6,3,7,1,1,1,1,1,2,7,7,7,6,6,5,6,5,7,1,2,1,7,6,7,7,7,7,1,1,3
"63",6,5,6,5,6,6,4,6,6,6,5,5,5,5,6,4,2,5,5,4,7,6,6,5,6,3,2,2,3,4,6,6,6,5,7,6,7,6,7,7,3,3,3,6,4,7,5,7,6,6,5,6
"64",6,6,6,6,6,6,6,7,7,6,6,2,4,4,5,4,2,4,2,2,6,6,3,3,6,3,2,2,1,2,3,5,5,5,5,5,5,5,6,5,2,2,2,6,2,7,4,6,7,3,5,5
"65",7,7,7,7,7,6,7,7,7,7,7,2,1,7,6,2,1,1,1,1,7,7,7,7,7,7,7,7,7,7,7,7,7,6,7,7,7,6,7,7,7,6,6,7,7,7,7,7,7,7,7,7
"66",7,6,6,7,5,7,7,7,6,7,3,3,3,3,4,5,2,1,3,2,6,5,6,5,5,7,4,5,6,5,6,6,6,6,7,5,7,6,7,7,7,7,6,7,4,6,5,7,6,7,7,7
"67",5,5,5,5,5,7,5,5,6,5,5,5,5,5,5,4,4,5,2,4,7,6,5,5,5,2,2,2,2,2,2,6,6,6,6,6,6,6,6,6,2,4,4,2,4,4,3,4,4,4,4,4
"68",5,3,5,5,6,5,4,5,6,6,5,3,4,5,5,4,4,2,4,3,6,5,4,3,6,5,5,5,5,5,5,5,2,6,6,6,6,6,6,6,3,6,4,6,5,4,5,6,5,4,5,5
"69",6,7,7,7,7,7,6,7,7,7,6,6,7,7,7,5,3,7,7,7,6,6,7,7,7,7,5,2,2,7,3,6,6,6,6,6,6,6,6,6,2,1,2,7,2,7,4,7,7,4,4,3
"70",6,6,6,6,7,7,6,6,6,6,6,6,6,6,6,3,6,6,6,6,6,6,6,6,6,4,6,1,5,6,6,7,7,7,7,6,6,7,7,7,6,3,6,6,6,7,7,7,7,7,7,7
"71",7,5,4,5,4,6,6,6,5,3,5,6,6,5,5,2,2,5,2,2,4,6,3,1,6,2,2,1,2,1,4,6,7,5,4,4,6,5,4,5,2,1,1,6,1,5,5,4,7,2,2,1
"72",3,5,7,5,7,5,7,2,5,5,7,7,7,7,7,1,7,5,1,1,7,7,7,7,7,6,6,6,6,1,7,4,3,4,4,4,4,4,4,4,5,1,1,7,4,7,7,7,7,1,1,1
"73",7,5,7,5,7,7,1,6,6,6,6,5,4,4,6,4,5,4,2,1,7,7,6,6,7,5,5,4,4,4,6,6,6,7,6,6,6,6,6,6,6,5,7,7,5,4,7,7,7,6,5,6
"74",6,6.2,7,6,6,7,7,7,7,7,7,6,6,6,5,7,7,2,5,6,7,6,7,7,6,5,5,3,5,4,5,7,7,7,7,7,7,7,7,7,4,4,4,7,7,7,7,7,7,7,7,7
"75",7,6,7,7,6,5,6,6,6,6,6,5,6,5,7,5,6,5,5,6,7,7,5,7,6,4,4,4,4,4,5,7,7,7,6,6,6,6,7,7,4,4,2,4,2,4,3,7,6,4,5,5
"76",7,7,6,6,6,7,6,7,7,7,4,5,5,5,5,6,5,4,6,6,5,5,5,6,3,5,4,6,3,5,6,7,7,7,7,6,7,7,5,7,7,7,5,7,5,7,6,7,6,7,7,7
"77",6,6,6,6,7,4,6,6,6,7,6,6,6,6,7,6,1,2,6,6,7,5,6,6,6,4,5,6,6,6,7,7,5,7,7,7,7,7,7,7,7,7,7,7,7,7,7,7,7,7,7,7
"78",2,7,7,2,6,6,6,7,7,5,6,6,1,6,1,2,2,6,6,3,6,2,2,7,7,7,6,7,6,6,6,6,6,7,7,7,7,7,7,6,7,7,6,7,7,2,7,7,7,7,7,6
"79",6,6,6,6,6,6,6,6,6,6,6,6,4,5,5,5,6,4,4,4,6,6,6,5,6,5,5,5,5,5,6,6,6,6,6,6,6,6,6,6,3,5,4,7,4,4,5,5,3,7,5,5
"80",6,6,6,5,5,7,5,7,7,7,5,4,5,5,6,4,4,4,4,4,7,4,6,4,5,2,4,5,5,4,5,7,7,7,6,7,7,7,7,7,5,4,4,6,4,5,5,7,5,7,7,7
"81",5,5,4,4,4,6,5,5,5,4,4,4,5,4,5,4,5,5,5,4,6,5,5,5,5,5,4,4,3,4,3,5,5,7,5,5,4,6,6,5,4,3,4,5,5,5,3,5,4,4,3,3
"82",4,2,5,5,3,1,7,5,5,4,6,2,3,1,5,3,1,4,1,1,5,5,7,6,6,1,3,2,2,1,6,4,4,4,4,7,6,4,7,4,1,2,2,1,2,7,5,7,7,7,7,7
"83",6,7,7,5,7,7,7,6,7,7,6,5,6,6,5,5,5,5,6,4,7,7,7,7,6,5,6,6,5,5,3,7,6,7,5,7,7,6,7,6,5,6,4,7,7,6,6,6,6,6,6,6
"84",7,7,5,7,7,7,7,7,7,7,4,7,2,2,5,6,4,6,4,3,5,5,5,5,5,4,6,5,4,5,7,7,6,7,6,6,7,6,7,7,5,5,5,7,7,6,7,6,6,7,7,7
"85",6,5,6,6,6,6,6,6,7,6,6,5,5,5,6,5,3,5,4,5,6,5,6,6,6,6,5,4,6,3,5,7,7,7,7,7,7,7,7,7,5,4,6,7,5,7,6,7,7,6,7,6
"86",5,6,6,6,7,6,6,6,6,6,6,5,5,5,6,6,6,1,6,6,6,6,6,6,6,5,2,2,3,4,5,7,7,7,7,7,7,7,7,7,2,2,2,5,4,2,7,7,4,4,4,2
"87",7,7,7,7,7,7,6,7,7,7,7,7,7,7,7,7,7,7,7,7,7,7,7,7,7,5,7,6,5,7,6,7,7,7,7,7,7,7,7,7,7,7,7,7,7,7,7,6,7,7,7,7
"88",6,6,6,6,6,3,6,6,6,7,6,6,6,6,6,1,6,6,4,6,5,6,6,4,6,4,2,2,5,5,6,7,7,7,7,7,7,7,7,7,4,5,4,7,5,7,7,7,7,4,4,4
"89",7,7,7,7,7,6,7,7,7,6,6,7,6,6,7,7,7,4,4,4,4,7,6,5,7,4,4,4,4,4,6,7,7,7,7,7,7,7,7,7,4,5,4,6,5,7,7,7,7,7,7,7
"90",7,4,5,5,4,7,7,7,7,7,7,1,1,1,6,4,1,1,1,1,4,1,1,1,1,7,2,4,1,2,4,7,7,7,7,7,7,7,7,7,6,6,6,7,7,7,6,7,6,4,4,4
"91",7,7,6,4,6,4,6,7,7,7,5,5,4,3,6,5,4,1,4,4,5,6,6,5,6,4,6,7,6,6,7,6,6,5,6,6,7,6,3,6,7,4,5,6,7,7,5,7,7,6,5,5
"92",6,6,6,6,6,6,6,6,6,6,4,4,4,4,6,4,5,5,5,5,7,7,6,7,6,6,6,5,3,5,5,6,5,6,5,5,5,5,5,6,5,6,5,7,7,7,3,6,7,4,4,4
"93",6,6,7,7,7,5,6,7,7,7,6,6,6,6,6,4,4,4,4,3,7,7,6,3,4,5,6,7,7,5,6,6,4,3,4,6,4,4,5,7,7,5,5,7,5,7,5,7,7,4,4,3
"94",6,5,5,5,6,6,6,7,7,6,6,5,5,5,5,6,6,5,4,5,7,6,6,5,6,1,1,1,1,5,6,7,7,7,7,7,7,7,7,7,4,4,4,7,4,6,6,7,7,7,7,6
"95",5,3,5,5,5,5,2,2,6,6,5,2,1,1,5,1,5,1,1,1,7,5,5,3,7,1,1,1,1,1,1,5,5,7,5,3,7,7,5,5,1,1,1,7,1,7,4,6,6,2,1,4
"96",7,5,6,7,7,6,6,6,7,7,4,4,5,4,7,6,6,1,4,6,5,6,5,5,5,6,7,7,7,4,7,6,6,6,6,6,7,6,7,7,7,7,7,7,6,6,7,7,3,7,7,7
"97",7,7,4,5,6,7,7,7,7,7,4,1,4,1,2,3,2,1,2,1,2,2,2,3,1,7,7,6,2,7,5,7,4,7,7,7,7,7,7,7,7,3,7,7,7,3,7,7,3,3,4,5
"98",6,6,6,7,7,7,7,7,7,7,7,6,7,7,7,6,6,6,6,6,5,2,2,5,7,4,5,5,5,5,6,7,7,7,7,7,7,7,7,7,5,4,5,5,5,7,7,7,7,7,7,7
"99",6,7,7,7,7,4,1,1,1,7,4,1,1,1,6,1,4,1,1,1,6,6,6,2,6,1,1,1,1,1,6,4,4,1,4,1,1,1,4,4,1,1,1,7,4,7,7,7,7,1,1,1
"100",7,7,7,6,7,5,1,7,7,7,6,7,4,7,7,5,5,6,7,6,7,7,7,7,7,4,5,7,5,7,5,7,7,7,7,7,7,7,7,7,7,7,7,7,7,7,6,7,7,4,7,7
"101",5,6,5,6,7,6,3,5,6,6,5,6,6,5,5,5,5,5,6,5,6,6,6,4,5,2,1,5,2,2,5,6,6,6,6,5,6,7,6,6,3,4,7,3,2,5,6,6,5,5,7,5
"102",7,6,6,6,6,6,7,7,6,6,6,4,6,6,7,5,6,4,6,5,6,4,6,5,6,6,7,5,7,4,6,6,6,6,6,6,6,7,6,7,6,6,6,7,6,7,3,6,7,6,4,5
"103",7,6,7,6,7,7,7,6,6,6,7,4,7,5,6,5,5,5,5,5,6,7,6,7,6,6,5,5,7,5,7,7,6,5,6,6,6,6,5,7,6,6,5,6,5,4,7,7,4,7,6,7
"104",7,7,7,7,7,7,7,6,7,7,7,7,6,6,7,6,6,4,7,4,7,4,5,7,4,7,7,7,7,7,7,7,7,7,7,7,7,7,7,7,7,7,7,7,7,7,6,7,7,7,7,7
"105",6,6,5,6,6,7,5,7,7,7,4,4,5,2,3,2,2,2,2,2,5,5,3,3,6,6,5,6,3,7,6,7,5,5,5,3,6,5,7,7,3,3,4,6,7,6,4,6,7,7,7,7
"106",7,7,7,7,7,7,7,7,7,7,7,7,7,7,7,7,7,7,5,6,7,7,5,7,7,7,5,7,7,6,7,7,7,7,7,7,7,7,7,7,7,7,7,7,7,7,7,7,7,7,7,7
"107",4,4,4,4,4,7,4,7,6,4,3,4,4,4,4,1,4,4,4,4,4,4,4,4,5,3,4,5,1,1,2,3,3,2,3,3,3,3,3,3,2,2,2,4,2,7,2,6,7,1,3,2
"108",7,7,7,7,7,7,7,7,7,7,7,7,7,7,7,7,7,7,7,7,7,7,7,7,7,7,7,7,7,7,7,7,7,7,7,7,7,7,7,7,7,7,7,7,7,7,5,7,7,7,6,7
"109",6,5,5,6,6,6,5,6,6,6,4,5,4,5,6,4,4,2,4,4,6,6,3,5,6,5,2,2,3,4,3,6,6,6,6,6,6,6,6,6,6,5,2,7,5,7,7,7,6,7,7,7
"110",3,5,4,3,6,3,4,5,7,5,3,4,4,4,5,5,4,2,4,4,4,3,4,4,5,3,1,2,2,1,3,5,5,4,5,5,6,5,6,5,3,4,3,4,2,5,5,6,5,5,5,4
"111",4,6,6,4,4,6,6,6,6,6,4,2,4,4,4,4,4,2,4,4,4,4,4,4,4,7,6,6,6,6,6,6,6,6,6,6,6,6,6,6,6,6,6,6,6,7,6,6,7,6,6,6
"112",5,6,6,7,7,3,2,4,7,7,5,5,6,5,7,3,4,1,4,4,6,6,5,5,7,3,1,2,2,4,4,7,7,7,7,7,7,7,7,7,2,2,2,7,4,7,6,7,7,4,4,4
"113",4,6,6,4,7,4,5,6,6,4,6,5,4,4,7,2,4,5,4,1,7,6,6,4,7,5,4,6,5,4,1,4,4,4,4,2,4,4,4,4,4,3,4,4,4,4,1,4,4,4,4,4
"114",7,7,7,5,6,6,6,7,6,7,7,7,6,7,6,6,7,6,6,6,6,7,6,7,7,3,5,2,5,6,5,7,6,6,5,6,7,7,6,6,5,6,3,7,7,7,6,7,7,7,7,6
"115",5,7,4,6,5,6,6,4,7,6,5,6,5,4,5,7,5,1,5,5,6,7,7,5,5,5,1,1,7,1,1,7,6,6,6,7,6,6,7,7,5,5,7,2,6,6,1,1,1,6,1,2
"116",7,6,6,6,6,6,6,6,6,6,6,5,4,4,5,6,5,5,4,2,5,6,6,5,5,5,5,5,5,3,6,6,6,5,6,6,6,5,6,6,6,5,4,6,4,5,5,6,7,5,5,5
"117",6,5,6,5,5,5,4,5,6,5,4,4,4,4,6,4,3,4,4,4,5,5,4,5,6,5,2,4,4,4,4,5,5,5,5,5,5,5,5,5,2,2,2,6,3,7,5,7,7,4,4,4
"118",4,6,5,5,6,7,6,7,7,6,6,6,6,6,5,5,6,1,2,1,5,5,5,6,6,2,2,2,2,2,5,7,6,5,6,7,7,5,7,7,2,3,4,7,5,7,7,7,7,7,7,7
"119",7,5,6,7,7,7,4,7,7,4,6,5,7,7,7,4,4,5,5,5,7,7,5,6,7,7,5,4,4,4,4,5,5,5,5,4,5,5,5,5,4,6,5,6,5,5,6,6,5,3,6,5
"120",6,5,7,6,6,7,5,7,7,7,6,6,6,5,4,5,4,6,2,5,4,3,5,2,4,5,3,2,6,2,2,7,7,7,7,7,7,7,7,7,3,3,2,7,4,7,5,6,6,5,4,4
"121",5,5,6,5,6,5,6,6,6,6,5,5,5,5,5,3,4,2,2,4,6,6,6,6,6,3,4,5,5,5,3,7,6,6,6,6,7,6,7,6,4,4,4,7,5,6,3,7,5,7,7,7
"122",6,6,6,6,6,6,5,7,6,7,4,6,6,4,5,1,2,3,2,1,6,6,6,7,7,3,5,4,5,4,6,5,3,5,5,6,6,5,5,6,6,6,3,7,4,3,5,7,7,2,6,6
"123",7,7,6,6,6,7,7,7,7,5,7,5,5,5,6,5,5,5,5,4,5,5,6,6,6,3,3,2,4,3,5,7,6,7,7,6,6,6,6,6,5,6,5,7,6,7,5,6,7,6,6,6
"124",5,4,5,6,5,4,5,5,5,5,4,1,2,2,5,1,3,4,1,1,5,4,4,1,5,2,1,1,1,1,2,4,4,4,4,2,2,4,4,4,1,1,1,5,1,7,1,1,7,1,1,1
"125",5,6,5,5,5,6,7,6,6,6,5,5,5,6,4,5,2,5,4,4,6,5,4,6,6,5,1,3,2,4,5,7,6,5,5,7,6,5,7,7,5,5,5,7,6,5,4,6,6,7,7,7
"126",4,5,5,6,5,6,5,6,6,6,6,4,4,5,6,3,5,5,5,4,7,5,5,6,7,1,1,1,1,1,5,7,6,6,6,6,6,6,7,6,3,1,4,4,4,7,6,7,7,1,1,1
"127",7,7,7,6,7,6,5,7,7,7,7,5,6,6,6,6,5,6,4,5,6,6,5,7,7,3,4,3,2,4,6,7,7,6,6,7,7,6,7,7,2,3,2,4,5,6,6,7,7,6,6,6
"128",6,7,6,7,5,6,7,7,7,6,6,5,6,5,6,4,5,4,4,4,7,7,7,7,7,4,5,5,6,6,7,7,7,7,6,7,7,6,7,7,6,6,7,7,7,7,7,7,7,7,7,7
"129",7,7,7,7,6,6,5,7,7,7,6,6,5,6,7,6,4,6,5,5,6,6,4,6,6,6,6,6,5,6,3,7,6,7,7,7,7,7,7,7,5,5,5,7,6,7,7,7,7,7,7,7
"130",5,5,6,6,6,5,4,7,6,5,5,5,4,4,6,4,3,4,3,2,7,7,6,5,6,5,3,3,2,4,5,7,5,5,6,7,7,5,7,7,4,4,7,4,4,7,6,7,7,5,4,6
"131",6,6,6,7,7,6,6,7,7,7,6,4,6,4,6,5,3,3,5,6,7,6,6,7,6,5,7,6,6,7,6,7,7,5,7,6,7,5,7,7,6,7,6,7,7,5,5,6,4,7,7,7
"132",6,7,7,7,7,6,4,7,7,7,1,3,3,5,7,5,4,7,5,5,5,6,7,6,6,6,3,5,4,4,5,7,7,6,6,6,7,6,7,7,5,4,4,7,4,7,6,7,7,7,7,7
"133",6,5,7,5,6,6,7,6,6,6,6,5,5,4,6,5,5,5,6,5,7,6,6,6,7,6,5,6,4,6,5,6,5,6,5,5,5,6,6,7,5,5,5,6,4,5,5,6,5,2,4,2
"134",7,6,6,7,6,6,7,6,6,7,6,5,5,3,6,6,5,6,3,6,7,5,6,7,7,6,5,3,4,5,3,6,6,5,5,6,7,4,6,6,6,4,4,6,4,6,4,6,6,2,2,3
"135",7,6,6,5,6,7,5,6,7,7,6,6,7,6,6,2,6,7,5,4,5,7,2,5,7,3,4,2,5,7,5,6,5,5,6,5,6,6,6,6,5,3,4,6,6,6,3,6,6,5,6,5
"136",2,6,3,5,4,6,6,7,6,7,6,2,2,7,4,2,2,6,2,5,5,2,2,2,5,7,6,7,6,7,5,7,7,7,7,7,7,7,7,7,6,6,7,7,6,6,7,6,7,6,5,5
"137",6,7,5,6,6,5,5,6,5,5,5,6,6,6,6,7,6,6,5,6,5,6,6,4,4,7,2,1,1,1,6,7,7,6,7,7,7,7,5,6,4,4,2,4,3,4,4,7,3,4,5,6
"138",5,6,6,5,6,6,4,5,7,5,5,5,5,5,4,4,5,5,5,5,5,7,6,5,6,2,4,2,2,1,3,5,5,5,5,5,5,5,5,6,4,1,4,6,3,4,5,5,7,2,2,2
"139",5,4,6,5,5,5,5,6,5,5,5,4,2,3,5,4,4,4,2,3,5,6,5,4,5,6,5,5,5,5,3,6,4,6,5,5,6,4,6,5,5,5,4,6,4,6,5,5,7,2,3,3
"140",7,6,6,7,5,7,7,7,7,7,6,6,5,6,2,6,6,6,2,2,6,5,6,6,5,5,3,2,3,5,3,7,7,7,7,7,7,7,7,7,6,5,2,7,6,6,6,6,7,6,6,7
"141",5,6,6,6,5,7,6,6,6,6,6,5,5,5,5,6,5,4,5,5,6,5,6,5,5,6,4,4,5,6,5,6,6,6,6,6,6,6,6,6,5,5,6,6,5,5,5,6,6,5,5,5
"142",6,6,6,5,5,6,6,6,6,6,4,5,5,5,5,5,5,5,2,4,5,4,5,4,5,4,2,3,5,2,5,7,7,7,7,7,7,7,7,7,5,5,4,7,5,7,6,7,7,7,7,7
"143",7,6,5,5,6,7,7,7,7,6,5,5,4,5,2,4,6,4,3,3,5,2,2,4,5,5,5,5,3,5,6,6,5,5,6,6,6,6,6,6,4,5,4,6,5,6,6,7,7,7,7,7
"144",7,7,7,7,7,6,7,7,7,6,7,7,7,7,7,7,5,7,4,7,7,7,7,7,7,7,5,5,5,7,4,6,6,6,7,6,7,6,6,6,5,5,5,5,5,6,7,7,3,7,7,7
"145",5,4,7,5,5,5,6,6,6,6,4,4,5,5,2,4,2,2,4,2,1,3,4,1,4,7,6,6,2,7,6,6,5,4,6,5,6,6,7,5,3,5,5,7,7,7,5,7,7,2,2,2
"146",6,6,6,7,6,6,6,7,7,7,5,5,3,3,5,3,4,4,4,4,7,5,6,6,6,5,3,3,3,3,5,6,5,6,6,6,7,6,6,5,3,6,3,6,3,4,6,6,6,4,4,4
"147",4,5,5,6,5,7,4,6,6,7,5,1,6,4,5,4,3,6,2,5,6,6,6,5,6,3,4,2,2,4,6,5,4,3,4,4,5,5,5,5,2,2,3,7,4,6,6,6,6,2,2,2
"148",6,5,6,7,6,5,6,7,6,6,6,5,4,5,5,3,4,5,5,5,6,6,4,6,6,4,4,4,5,4,5,7,7,7,6,6,7,7,6,6,5,4,6,7,6,7,6,7,6,7,7,7
"149",6,6,6,7,6,6,7,6,7,7,4,4,6,6,6,4,5,5,4,4,7,7,7,4,6,4,4,4,4,4,6,7,5,7,6,6,7,6,7,7,4,4,4,7,6,7,7,7,7,4,4,4
"150",7,7,6,7,7,7,7,7,7,7,6,7,6,6,4,7,6,5,7,6,7,7,7,7,5,5,5,6,6,6,6,7,7,6,7,7,7,7,7,7,7,6,5,7,6,7,5,6,7,6,7,6
"151",5,5,6,2,5,6,5,6,6,6,4,2,4,3,4,2,5,2,2,4,6,5,5,4,3,2,2,2,2,2,4,5,5,5,5,5,5,5,5,5,4,4,4,6,4,7,4,4,7,4,4,5
"152",6,5,7,6,3,6,7,6,6,7,6,6,5,7,6,2,3,5,3,3,7,7,6,7,7,4,3,3,3,4,5,7,7,5,6,7,7,5,7,7,4,3,2,7,6,5,7,7,7,7,7,7
"153",7,7,7,4,6,6,6,7,7,7,4,4,4,4,5,5,2,4,4,3,5,5,7,6,5,4,2,2,3,2,5,7,6,6,7,6,6,6,6,6,4,4,3,6,3,6,5,7,7,6,7,7
"154",7,7,7,7,7,7,7,7,7,7,7,7,7,7,7,7,7,1,7,7,7,7,7,7,7,4,2,2,3,1,4,7,7,7,7,7,7,7,7,7,3,2,3,4,2,5,3,5,7,6,5,6
"155",7,6,6,6,6,6,4,6,7,6,2,6,4,6,4,5,6,5,6,6,6,6,4,6,5,3,6,5,5,7,6,6,7,6,6,7,7,6,6,6,5,6,5,5,6,5,7,6,5,5,5,6
"156",5,5,7,6,5,6,5,5,6,6,2,3,3,5,5,2,2,3,2,3,6,7,4,7,7,6,6,6,2,6,7,7,5,6,6,7,7,5,7,6,4,3,4,7,7,5,7,6,5,7,7,7
"157",6,5,7,5,6,4,7,5,6,7,5,6,5,5,5,5,5,4,4,4,7,7,7,7,7,5,5,6,3,6,6,6,6,6,6,6,6,6,6,6,6,5,5,7,6,6,7,7,7,7,7,7
"158",6,6,5,5,6,6,6,7,7,6,4,5,4,4,5,4,3,6,4,4,5,5,6,5,5,2,6,4,4,4,5,5,5,5,5,6,5,5,5,5,4,4,4,7,5,5,5,7,5,7,7,7
"159",6,6,6,6,6,6,6,7,7,7,3,5,5,5,5,6,5,4,5,5,3,4,3,6,5,6,3,5,5,5,5,7,7,7,7,7,7,7,7,7,7,7,6,7,7,6,5,7,5,7,7,7
"160",6,6,6,6,6,5,6,5,5,6,5,4,2,4,5,1,6,2,2,2,6,6,5,6,6,2,2,2,1,3,3,5,4,4,4,4,4,4,5,5,2,2,2,5,4,7,4,7,7,2,2,2
"161",2,4,4,5,4,6,5,6,7,5,4,4,3,4,4,4,4,3,4,4,5,5,4,4,4,4,5,5,4,4,5,6,7,5,6,6,7,6,5,7,5,4,3,7,4,4,5,7,7,4,4,4
"162",7,7,7,7,7,7,7,7,7,7,5,5,6,5,7,6,4,2,2,5,3,4,4,2,4,6,2,5,7,4,6,7,7,7,7,6,7,7,7,6,7,7,6,7,4,6,6,7,6,6,6,6
"163",7,7,7,7,6,6,7,7,7,7,6,7,7,7,4,7,2,1,2,5,7,5,5,6,7,6,5,5,4,3,4,7,7,7,7,7,7,7,6,7,6,6,6,6,5,4,3,7,7,4,4,5
"164",7,7,7,6,6,6,7,7,6,7,4,5,5,4,5,6,5,2,4,4,5,5,4,4,6,6,4,6,6,4,7,7,6,7,7,6,7,6,7,7,7,5,5,5,5,7,7,7,7,6,7,6
"165",7,7,7,7,7,7,7,7,7,7,7,7,7,7,7,7,5,7,7,7,7,7,7,7,7,6,7,7,4,7,7,7,7,7,6,7,7,7,7,7,7,7,7,7,7,7,7,7,4,7,7,7
"166",7,7,7,7,7,7,7,7,7,7,6,6,6,5,6,6,5,4,6,4,5,5,7,6,5,6,4,6,5,4,7,7,7,7,7,7,7,7,7,7,7,6,7,7,6,7,7,7,7,7,7,7
"167",6,6,7,6,5,7,7,7,7,6,6,6,6,6,4,2,2,7,2,2,7,6,4,6,6,7,4,6,5,6,5,7,7,7,7,7,7,7,7,7,6,5,6,7,6,4,5,6,5,7,7,7
"168",4,4,3,4,4,5,4,5,5,4,4,4,4,4,4,3,4,4,3,3,4,4,3,4,5,2,2,4,2,2,1,4,4,4,4,4,4,4,4,4,3,3,3,5,4,3,2,2,5,2,2,3
"169",7,7,7,5,5,7,7,7,7,7,3,5,5,7,3,5,5,3,5,5,3,3,5,7,7,5,7,7,2,7,5,4,4,4,4,4,4,4,4,4,4,4,4,4,4,4,4,4,4,4,4,4
"170",5,5,4,3,3,6,5,5,5,5,1,1,2,1,3,4,2,3,1,1,5,4,5,1,4,6,3,3,5,4,4,5,4,3,3,5,3,4,4,5,4,3,4,6,4,2,5,4,4,1,2,1
"171",6,6,5,6,6,5,5,6,6,6,6,6,5,5,6,4,2,5,2,2,6,6,4,2,7,4,3,3,5,6,4,5,5,4,5,5,6,5,6,5,4,5,6,6,6,4,4,6,5,5,5,5
"172",6,7,6,5,4,6,4,5,7,6,6,4,7,5,6,5,6,6,2,3,7,6,6,5,7,5,3,4,2,4,5,7,5,6,7,6,6,6,6,7,5,4,4,6,3,7,4,2,7,6,2,2
"173",5,5,6,6,6,5,4,6,6,6,6,5,5,6,6,6,5,3,4,4,5,5,6,5,6,3,2,2,2,2,3,6,6,5,6,6,4,5,6,6,4,2,4,3,4,7,5,5,7,5,5,3
"174",5,6,5,7,4,5,4,6,7,6,6,6,6,6,3,5,5,6,3,1,3,5,3,5,7,1,1,1,1,2,5,6,6,6,6,6,5,5,7,6,1,1,2,7,5,7,7,7,7,7,7,7
"175",7,7,7,7,7,7,7,7,7,7,7,2,7,2,7,7,7,1,7,7,7,7,7,7,5,7,1,2,3,1,7,7,7,7,7,7,7,7,7,7,7,7,7,7,7,7,7,7,7,7,7,7
"176",6,6,7,6,6,7,4,6,6,6,6,6,6,5,6,5,5,4,4,4,7,6,6,7,6,6,6,6,5,6,6,6,6,6,6,6,6,6,6,6,5,6,6,6,6,6,6,7,6,6,6,7
"177",6,6,6,7,5,5,7,5,5,7,4,5,4,5,3,5,5,2,6,5,5,1,5,5,1,3,4,5,3,5,2,6,6,6,6,5,6,7,6,7,3,3,5,7,4,7,4,6,7,7,7,7
"178",6,6,7,5,6,7,4,6,7,5,7,6,6,6,6,5,6,7,7,5,5,6,6,5,5,5,5,7,5,6,5,7,7,6,6,7,7,6,7,7,5,5,5,7,6,4,6,7,6,7,7,5
"179",4,4,5,5,4,5,5,5,6,5,6,7,6,7,7,6,7,3,6,6,5,5,4,5,5,6,4,5,6,5,6,5,5,5,5,5,5,5,5,6,5,5,5,7,5,4,5,5,4,7,7,7
"180",6,7,7,7,7,5,6,7,7,6,5,1,5,1,4,3,1,1,1,1,7,7,7,7,7,3,7,7,6,5,7,7,6,6,6,5,7,6,7,7,5,7,6,7,6,7,5,7,7,7,7,7
"181",6,6,5,5,5,7,6,6,7,7,6,5,6,6,6,5,5,2,3,3,7,5,6,6,6,5,2,1,2,4,5,7,7,6,7,6,7,7,7,7,3,2,2,4,6,4,5,7,6,4,7,6
"182",7,7,7,7,7,7,7,7,7,7,4,1,3,2,6,3,7,1,3,3,7,7,7,7,6,7,5,2,2,2,7,7,7,7,7,7,7,7,7,7,4,5,4,7,4,6,7,7,7,7,7,7
"183",5,5,4,6,6,7,4,7,7,6,6,4,4,5,6,4,5,4,1,3,3,3,4,2,2,4,6,4,4,5,2,5,6,5,6,4,3,6,5,4,3,3,3,4,4,7,3,2,7,1,1,1
"184",3,5,5,4,4,7,5,5,6,5,6,4,4,5,5,4,5,2,3,4,2,2,5,5,6,4,5,5,5,5,5,5,5,5,5,5,5,5,5,5,5,5,5,5,5,5,5,5,4,5,5,5
"185",4,4,5,6,6,5,1,5,6,4,3,2,2,2,2,2,2,2,2,2,6,4,5,4,6,6,4,4,2,4,2,4,4,4,4,4,4,4,4,4,2,2,2,4,4,4,4,2,4,2,2,2
"186",6,6,6,5,5,7,6,7,7,6,6,4,4,3,5,4,4,4,4,2,6,6,6,6,7,5,2,4,2,4,5,6,4,5,4,5,6,4,5,6,4,5,4,7,5,5,5,6,6,3,3,2
"187",5,5,4,5,4,7,7,7,7,7,5,4,3,3,4,2,6,4,4,4,7,7,5,6,7,2,1,3,3,2,7,7,7,7,7,7,7,7,7,7,4,4,4,7,7,7,7,7,7,7,7,7
"188",5,5,6,7,6,5,5,5,6,6,6,5,6,6,6,6,5,5,6,6,6,5,3,3,6,6,5,6,5,6,6,7,7,6,6,5,6,6,6,7,5,5,5,7,7,7,5,6,7,5,5,6
"189",1,1,1,1,1,4,7,4,4,4,4,1,1,1,4,1,1,1,1,1,4,1,1,1,4,4,4,1,1,4,1,4,7,4,4,4,4,4,4,4,2,2,4,4,4,7,7,4,4,7,7,7
"190",6,5,6,7,6,5,1,7,7,5,6,2,1,5,6,2,5,6,6,6,2,6,2,5,7,5,2,2,2,2,4,7,7,7,5,7,7,7,6,7,1,1,1,7,1,7,1,7,7,4,4,4
"191",6,6,6,6,7,6,6,6,7,6,3,6,6,7,6,2,6,6,5,6,4,2,2,2,6,5,2,3,2,3,5,6,6,7,6,6,6,2,6,7,5,5,5,7,5,7,5,7,7,5,5,4
"192",6,6,7,7,7,5,7,6,6,7,7,5,7,7,7,4,4,5,6,7,7,6,7,7,7,5,6,5,3,4,7,7,7,7,7,7,7,7,7,7,6,7,7,7,7,7,7,7,7,7,7,7
"193",6,7,7,7,7,7,6,6,7,7,4,4,4,4,5,6,6,6,3,5,6,7,7,5,7,5,6,6,5,5,3,7,7,7,7,7,6,6,7,7,5,5,5,6,6,3,4,5,5,7,7,7
"194",4,5,6,6,6,6,2,6,6,6,6,5,5,6,6,4,4,5,5,6,5,4,5,5,6,5,5,5,5,5,6,6,6,6,5,5,6,6,7,6,5,5,5,5,5,5,6,6,6,4,4,4
"195",7,7,7,7,7,7,7,7,7,7,7,5,5,5,6,7,5,5,4,3,5,7,7,4,5,4,4,4,4,4,7,7,7,7,7,7,7,7,7,7,5,5,5,7,6,7,7,7,7,7,7,7
"196",6,6,6,6,7,7,6,7,7,7,5,5,6,7,5,4,5,3,7,6,6,4,6,7,5,6,5,6,4,6,6,7,7,7,6,7,7,7,7,7,5,4,4,7,6,7,5,7,7,5,5,5
"197",6,7,7,7,7,6,7,7,7,7,7,7,7,7,7,7,7,5,6,6,5,5,5,5,5,5,5,6,7,4,5,7,7,7,7,7,7,7,7,7,6,6,6,7,5,7,5,7,7,7,7,6
"198",7,7,7,7,7,4,4,6,6,6,5,5,5,5,3,2,5,5,2,6,7,7,1,7,7,6,5,5,4,5,7,7,6,7,6,7,7,6,7,7,6,6,6,7,7,7,7,7,7,7,7,7
"199",6,6,6,6,6,6,6,6,6,6,5,5,5,5,5,5,3,2,5,4,5,3,6,6,6,6,5,5,6,5,5,6,6,6,6,6,6,6,6,6,5,6,5,6,6,5,5,6,6,6,6,6
"200",7,7,7,7,7,7,7,7,7,7,7,7,7,7,7,7,7,7,7,7,6,7,7,7,7,6,5,5,6,5,7,7,7,7,7,7,7,7,7,7,5,5,4,7,5,7,7,7,7,7,7,7
"201",5,5,6,6,6,5,4,6,6,6,5,5,6,6,6,5,4,5,4,5,4,6,6,6,6,4,2,4,1,5,2,6,6,6,6,4,6,7,6,7,4,3,5,6,4,4,6,6,5,6,7,7
"202",6,6,7,5,5,6,2,7,7,6,7,5,7,7,5,3,4,4,6,6,7,7,5,6,7,3,6,3,3,4,7,7,7,7,7,7,7,7,7,7,3,5,3,3,2,6,3,7,7,3,4,2
"203",7,5,7,6,7,6,6,7,7,6,6,5,5,5,6,4,4,5,5,4,6,6,6,6,6,6,5,5,6,6,7,7,7,7,7,7,7,6,7,7,7,7,7,7,7,7,6,7,7,7,6,7
"204",6,6,6,6,6,6,5,6,6,6,5,6,3,6,6,3,3,5,4,4,7,6,6,6,7,6,5,5,4,5,6,7,6,6,7,6,7,7,7,7,4,4,4,6,5,7,5,7,7,7,7,7
"205",7,7,7,7,7,7,7,7,7,7,7,6,7,7,7,7,6,6,4,6,7,7,7,7,7,5,6,7,5,6,6,7,7,7,7,7,7,7,7,7,6,7,7,7,7,7,7,7,7,7,7,7
"206",6,7,6,6,7,7,5,7,7,5,7,4,5,7,5,5,6,4,5,4,7,5,5,4,7,2,1,1,1,3,4,7,7,7,7,7,7,7,7,7,1,2,3,5,4,7,3,7,7,7,7,7
"207",7,6,7,7,6,7,7,5,7,7,7,6,6,6,5,6,6,3,4,5,3,3,4,3,3,5,6,6,5,2,3,6,6,4,6,5,5,6,7,7,6,6,7,7,6,6,4,7,6,5,6,7
"208",4,6,6,6,5,6,4,7,7,6,5,4,4,4,5,6,1,5,1,4,7,2,4,4,4,4,4,4,4,4,4,7,7,7,7,7,7,7,7,7,4,4,6,7,4,7,6,7,7,6,7,6
"209",7,7,7,6,6,7,7,7,7,7,6,7,7,7,6,6,5,7,4,4,7,6,6,6,7,6,6,6,5,7,6,7,7,6,7,7,7,7,7,7,7,7,6,7,7,7,7,7,7,6,6,7
"210",7,7,6,7,7,7,7,7,6,7,3,4,5,4,7,6,6,4,4,3,6,6,7,5,6,7,4,4,5,6,6,7,7,7,7,6,7,6,7,7,6,4,5,6,5,7,5,7,7,6,6,5
"211",7,7,7,2,7,7,1,7,7,7,7,2,2,2,7,7,2,2,2,2,7,7,7,2,7,7,7,7,7,7,2,7,7,7,7,7,7,7,7,7,7,7,7,7,7,7,7,7,7,7,7,7
"212",5,5,5,5,4,6,4,5,6,5,4,4,4,4,6,4,4,5,4,4,6,5,5,4,6,5,5,4,4,4,5,4,4,4,4,4,4,4,4,4,4,4,4,4,4,7,4,6,7,3,3,3
"213",7,3,5,7,5,4,1,3,4,5,4,1,1,1,3,1,1,1,1,1,5,6,5,5,6,5,6,5,6,5,7,5,5,3,4,5,4,4,5,5,1,1,1,6,5,7,7,7,7,7,7,7
"214",5,5,5,5,6,6,3,5,5,6,4,4,4,4,5,5,4,2,5,5,6,6,5,6,6,5,5,5,5,4,6,6,6,6,6,6,7,6,6,6,4,4,4,7,4,7,6,7,7,5,5,5
"215",6,6,7,6,6,7,2,7,7,7,5,6,6,6,4,4,4,5,4,2,5,6,5,6,7,4,4,6,5,6,2,7,7,7,7,7,7,7,7,7,4,4,3,7,7,6,3,7,4,3,4,7
"216",2,3,2,3,2,3,2,3,3,2,1,2,2,2,4,2,2,2,2,1,2,2,2,3,3,1,2,1,1,1,3,4,4,4,4,4,4,3,4,4,1,1,1,2,1,5,5,5,6,1,1,1
"217",6,6,5,5,5,7,7,6,7,7,3,5,1,4,5,4,2,1,2,1,5,4,4,4,4,6,6,6,5,5,7,7,7,7,7,7,7,7,7,7,7,7,7,7,6,4,7,7,7,4,4,4
"218",6,6,7,4,6,6,4,7,5,6,5,6,6,7,7,5,6,7,6,4,6,6,6,6,7,6,4,7,5,5,5,5,5,6,5,3,4,4,4,6,2,6,5,4,5,7,6,6,7,2,1,2
"219",7,6,7,6,6,7,6,7,7,7,6,5,6,6,7,6,6,6,6,6,7,7,6,7,7,5,3,2,2,2,7,7,7,6,7,7,7,7,7,7,2,2,2,5,2,7,7,6,7,7,7,7
"220",6,6,6,6,5,6,5,6,6,6,5,6,6,6,6,5,6,2,3,6,5,6,6,5,5,5,5,5,5,5,5,6,6,5,5,5,5,5,6,6,5,5,5,6,5,5,4,5,7,4,3,5
"221",5,6,4,6,6,6,7,6,6,5,5,6,5,6,6,6,6,6,5,6,5,5,5,5,5,5,6,6,5,6,4,6,7,5,6,5,6,5,5,6,6,6,4,7,6,6,3,5,7,4,3,3
"222",4,7,7,7,7,6,4,7,6,6,5,4,4,4,7,4,4,4,4,4,7,7,7,7,7,4,7,7,3,7,4,7,7,7,7,7,7,7,7,7,6,7,5,7,7,6,5,6,6,7,7,7
"223",6,6,6,6,6,6,5,7,1,6,6,4,5,5,5,5,4,1,4,5,6,5,5,5,5,6,5,6,6,6,7,6,6,6,6,6,6,6,6,6,6,6,6,7,6,6,6,6,6,6,6,6
"224",6,4,2,5,2,6,7,6,7,6,1,3,1,1,5,5,6,1,1,2,2,3,1,1,4,6,2,6,1,3,4,6,5,5,5,5,5,5,4,5,1,3,2,3,2,7,4,7,7,1,1,1
"225",6,5,5,5,6,6,6,6,6,6,3,3,3,3,6,3,3,3,3,2,6,6,5,6,6,6,3,3,5,5,5,6,6,6,6,6,6,6,6,6,5,5,5,6,5,6,5,6,6,5,5,5
"226",6,6,6,6,6,6,6,6,6,6,6,6,6,6,6,6,6,6,6,6,6,6,6,5,6,6,6,6,6,6,5,7,7,7,7,7,7,7,7,7,6,7,7,7,7,7,6,7,7,6,6,6
"227",5,7,7,7,6,6,7,7,7,6,3,5,5,6,4,7,6,5,5,5,7,7,5,7,7,6,5,6,6,7,7,7,7,7,7,7,7,7,7,7,6,7,5,7,6,7,5,6,5,7,7,7
"228",7,7,7,7,7,7,7,7,7,7,7,6,7,7,7,6,7,4,7,6,6,7,7,6,6,7,5,6,5,5,4,6,7,7,6,6,6,6,6,6,4,5,4,7,5,6,5,6,5,4,4,5
"229",5,5,5,5,4,6,5,6,6,5,4,3,3,3,4,3,2,2,2,3,7,5,4,5,6,6,6,4,4,5,3,6,5,5,6,6,6,5,6,5,5,5,5,6,5,5,4,6,5,4,4,5
"230",6,6,6,7,6,7,4,7,6,7,5,5,5,7,5,4,5,6,6,5,6,6,7,6,7,2,4,2,2,2,2,7,7,7,7,7,7,7,7,7,5,5,5,6,4,7,5,7,7,3,4,3
"231",7,7,7,7,7,7,7,7,7,7,7,7,7,7,5,5,6,7,7,7,7,7,5,7,7,5,4,2,3,5,5,7,7,7,7,7,7,7,7,7,5,5,4,7,5,7,5,5,6,7,7,7
"232",6,6,5,6,5,6,6,7,6,6,4,6,6,6,6,5,4,6,2,3,6,6,6,5,6,4,5,5,4,6,6,6,6,5,5,5,6,6,5,6,6,4,4,5,4,3,5,5,4,5,5,5
"233",6,7,6,7,6,7,6,6,7,7,7,6,6,5,6,5,4,5,6,7,6,6,5,7,5,6,6,5,5,5,5,7,7,7,7,7,7,7,7,7,5,5,5,6,5,5,7,7,6,7,7,7
"234",4,6,6,6,6,6,5,6,6,5,6,5,6,6,5,6,4,5,6,6,7,4,4,6,6,6,4,6,5,5,6,6,6,6,6,6,6,6,6,6,4,6,4,7,6,6,6,6,3,6,6,6
"235",6,6,6,4,5,6,6,6,5,5,5,2,4,4,2,5,2,4,4,5,7,6,6,4,5,4,4,2,2,2,3,5,5,5,5,2,5,5,5,5,2,2,2,4,2,3,2,4,3,2,2,2
"236",4,6,6,7,6,5,4,6,6,5,5,4,3,5,5,4,4,5,2,2,5,4,6,6,6,5,2,2,5,2,6,6,3,3,3,5,6,3,4,4,1,2,2,7,2,7,5,6,7,2,2,1
"237",6,6,6,6,4,5,4,7,6,7,5,5,6,5,3,5,5,3,5,6,5,6,5,5,6,2,3,2,2,1,3,6,6,5,6,5,6,6,7,7,4,2,2,7,2,3,4,6,5,5,5,5
"238",6,5,7,6,4,6,6,6,5,7,5,4,5,2,4,5,1,4,3,2,6,5,5,6,7,4,5,3,3,4,2,6,5,5,5,7,7,6,7,7,3,2,3,7,7,6,3,3,5,7,7,7
"239",4,5,6,5,6,6,4,5,6,5,4,5,5,5,5,4,4,5,4,4,5,6,5,5,5,5,5,5,5,5,3,6,6,5,6,5,6,6,6,6,2,5,5,6,5,2,3,3,6,2,2,3
"240",4,5,5,5,7,5,4,5,6,5,5,5,5,5,6,4,3,4,6,5,4,5,4,5,5,4,4,5,4,6,5,5,5,5,4,4,4,5,5,6,4,5,6,5,3,5,5,5,5,5,4,5
"241",7,5,6,5,6,7,6,7,7,6,5,1,3,5,4,3,2,2,2,3,5,6,6,5,6,6,2,1,1,5,6,5,5,4,5,5,5,5,5,5,1,1,1,6,1,7,6,7,7,3,2,2
"242",6,5,5,5,5,6,1,6,6,6,4,5,1,4,5,2,1,6,2,2,6,5,6,5,6,4,4,4,5,4,4,3,2,4,3,2,4,2,4,2,6,5,6,6,5,5,3,5,6,2,2,2
"243",5,5,5,5,5,6,4,5,5,5,5,4,5,5,5,3,3,4,5,5,6,5,5,5,5,5,5,5,3,5,6,7,6,6,6,6,6,6,6,6,7,6,6,7,6,6,6,6,6,6,6,6
"244",6,6,7,6,6,5,5,6,6,7,6,4,5,5,6,5,5,4,3,4,7,7,6,7,7,2,6,7,4,7,7,7,7,7,7,7,7,6,7,7,4,4,3,7,7,7,7,7,7,7,7,7
"245",6,6,7,6,6,6,6,6,6,6,6,4,6,6,6,2,2,2,2,2,7,6,4,6,6,4,2,2,2,2,2,5,4,5,5,4,5,5,5,5,4,3,3,3,3,7,3,7,7,3,2,2
"246",5,6,5,3,6,3,1,6,5,5,5,6,4,4,5,2,1,3,5,1,7,6,1,3,5,1,4,4,4,4,1,5,5,5,5,5,7,4,5,6,3,3,4,6,4,5,5,7,5,5,3,5
"247",5,6,6,5,4,6,6,6,6,6,4,2,2,2,2,3,3,2,2,2,6,6,5,5,5,6,6,6,5,6,5,7,7,6,7,7,7,6,6,7,6,5,5,6,5,5,6,7,6,6,7,7
"248",7,6,7,6,7,6,6,7,7,6,7,6,7,7,6,6,7,4,5,5,6,7,6,7,6,5,5,6,4,4,4,6,6,6,7,6,7,7,6,7,5,4,6,6,6,6,5,6,7,1,1,2
"249",5,5,5,4,4,6,5,6,6,5,6,5,5,5,4,4,5,5,4,4,6,6,4,4,5,7,4,5,5,3,5,5,7,5,6,5,5,5,6,5,4,4,4,7,4,7,5,6,7,5,4,5
"250",4,5,5,4,5,4,4,5,6,5,4,4,4,4,5,4,4,4,4,4,6,5,5,5,6,5,4,4,4,4,5,4,4,5,4,4,4,4,5,4,4,4,4,5,4,6,4,4,5,3,3,4
"251",6,7,6,6,5,7,6,7,6,5,5,5,5,5,5,6,5,2,4,4,5,4,5,7,5,6,6,6,4,6,3,6,6,6,6,6,6,6,6,6,6,5,6,7,7,4,4,5,3,6,6,7
"252",6,7,6,6,6,7,6,7,7,7,7,5,5,5,6,5,4,6,5,5,6,6,6,5,6,7,7,6,6,7,6,7,6,5,6,7,6,6,7,7,6,6,7,7,7,5,6,7,5,7,7,7
"253",3,3,5,5,5,3,3,3,4,5,3,2,2,2,3,1,2,3,2,1,5,5,5,6,5,2,5,3,3,5,2,5,4,3,4,5,5,3,5,5,3,2,3,6,5,5,3,5,5,2,3,2
"254",7,7,7,7,7,7,7,7,7,7,3,4,3,5,6,5,1,5,2,2,5,2,3,6,7,7,4,5,3,7,3,7,7,7,7,7,7,7,7,7,7,7,7,7,7,3,3,7,5,7,7,7
"255",5,7,7,6,7,7,7,7,7,7,4,7,5,7,7,7,7,5,5,7,7,5,7,5,5,7,5,5,7,7,7,7,7,7,7,6,6,6,6,7,7,6,7,7,6,7,5,7,7,5,5,7
"256",7,7,7,6,6,7,7,7,7,6,6,7,7,7,7,7,3,7,7,6,6,5,7,6,7,7,4,5,5,5,5,7,7,7,7,7,7,7,7,7,7,4,4,7,5,6,7,7,6,7,7,7
"257",6,5,6,7,6,6,6,6,6,6,3,5,4,5,5,4,2,5,6,5,6,6,4,7,4,4,4,4,5,1,5,6,6,5,5,7,6,5,6,7,6,5,5,7,6,7,5,6,7,7,7,6
"258",6,5,6,6,6,6,4,7,7,7,7,7,5,4,6,3,5,6,7,5,6,7,6,7,7,5,4,4,2,4,5,7,6,6,6,7,7,7,7,6,6,5,6,7,6,7,5,7,7,4,3,4
"259",6,7,7,7,7,7,6,7,7,7,6,6,5,5,7,3,6,2,7,5,6,6,7,7,7,7,3,7,2,6,6,7,7,7,7,7,7,7,7,7,3,2,3,7,7,7,7,7,7,7,7,7
"260",2,3,4,2,5,3,3,2,4,6,2,2,2,2,4,1,2,2,2,2,6,6,5,7,7,2,2,2,2,2,3,5,2,2,2,2,2,3,4,5,4,5,3,6,5,4,3,5,3,2,2,2
"261",6,6,6,6,5,7,7,7,7,7,4,4,5,5,5,5,5,6,5,5,5,5,6,6,6,5,4,4,3,6,6,7,6,6,7,7,6,6,7,7,5,5,5,6,6,6,6,6,6,6,6,6
"262",6,7,6,6,6,5,2,6,6,2,5,6,6,6,6,2,6,6,2,2,6,7,6,2,6,2,3,2,2,1,6,7,6,6,6,6,7,5,5,7,2,2,2,7,6,7,6,6,5,6,2,5
"263",6,5,5,3,4,6,6,6,6,6,6,4,5,2,5,1,4,4,1,2,6,6,6,5,6,4,4,2,2,1,3,4,3,3,5,4,5,4,3,4,2,1,2,4,2,2,3,5,2,1,2,1
"264",4,4,4,4,4,6,5,4,4,4,5,4,4,3,4,5,4,4,4,4,6,4,4,4,4,6,6,4,5,4,5,5,5,5,7,7,5,5,7,7,7,7,5,5,7,5,5,7,5,5,5,5
"265",7,7,7,7,7,7,7,7,7,7,7,7,7,7,7,4,6,5,7,5,7,7,7,7,7,7,6,7,4,6,6,7,7,7,7,7,7,7,7,7,7,7,7,7,7,3,3,4,7,4,4,6
"266",5,6,5,6,6,6,5,6,6,6,5,6,6,5,6,4,5,3,5,6,5,5,5,5,5,3,3,2,3,2,3,6,6,6,6,6,6,6,6,6,2,3,2,5,4,6,5,5,6,2,4,3
"267",6,5,4,5,5,6,3,3,5,5,5,4,4,7,6,2,4,3,3,3,6,5,3,3,7,4,4,5,5,4,5,6,4,5,4,5,5,4,6,6,4,5,5,7,5,7,6,5,7,4,4,4
"268",6,6,6,6,6,6,6,6,6,6,3,5,3,5,6,5,5,2,3,5,7,6,6,6,6,5,6,6,6,6,5,7,6,6,6,7,6,6,7,7,6,6,6,7,6,7,7,7,6,7,7,6
"269",7,7,7,7,7,7,7,7,7,7,5,7,7,7,7,5,5,7,4,7,7,7,7,7,7,4,3,7,4,7,7,7,7,7,7,7,7,7,7,7,7,7,7,7,7,7,7,7,7,7,7,7
"270",6,7,6,6,5,7,7,7,7,7,3,5,1,5,5,5,3,5,1,5,5,5,3,6,5,6,1,5,6,1,5,7,5,6,6,7,7,6,7,7,6,2,5,3,6,2,2,2,1,6,7,5
"271",6,6,6,6,6,5,5,7,6,6,6,5,5,5,6,6,3,2,5,6,6,6,5,5,7,4,5,2,1,4,3,7,6,7,6,6,6,6,7,7,1,3,2,7,6,6,6,3,6,7,7,7
"272",5,5,3,5,5,5,5,5,5,5,5,5,3,5,4,3,4,5,5,5,5,6,4,4,5,3,3,3,2,4,3,5,6,5,6,5,5,5,5,6,5,5,3,6,5,4,5,7,5,4,4,4
"273",5,5,6,6,6,6,5,6,7,5,6,5,2,6,6,6,3,4,4,4,4,5,6,4,5,4,3,5,6,6,5,6,6,5,6,4,6,6,6,5,6,4,5,6,4,5,5,6,5,5,5,5
"274",7,5,5,6,5,6,6,6,6,7,2,4,2,2,5,7,4,1,2,6,5,3,5,4,5,2,1,1,1,1,2,7,6,6,6,6,6,7,6,7,4,5,3,7,4,7,3,6,6,2,4,2
"275",6,7,7,7,7,6,6,7,7,7,5,7,7,7,7,6,7,4,6,6,7,7,7,7,7,7,6,7,5,6,6,7,7,7,7,7,6,7,7,6,7,5,7,7,7,7,7,6,7,6,7,6
"276",6,6,5,5,6,7,1,7,7,6,4,4,4,4,5,3,4,3,3,3,6,5,6,4,5,6,4,3,3,5,3,7,7,7,7,7,7,7,7,7,6,5,5,7,6,7,5,7,7,6,6,6
"277",6,5,7,7,5,7,1,7,7,7,6,2,7,4,7,2,5,5,2,4,1,6,7,1,5,2,1,2,4,1,6,7,4,5,5,3,5,5,4,7,2,2,4,7,2,7,7,7,7,1,1,2
"278",6,4,5,4,6,5,5,5,5,6,5,4,4,4,5,3,2,5,3,3,6,6,5,5,5,5,4,4,4,4,5,4,3,3,3,4,5,3,5,4,5,6,3,6,4,5,6,5,7,4,5,4
"279",5,5,6,5,5,6,6,6,7,6,5,4,4,4,4,6,4,4,4,4,6,5,5,5,5,6,4,6,5,6,6,5,5,6,5,6,6,6,4,7,5,5,4,6,7,7,5,7,7,5,5,5
"280",6,7,7,7,7,7,7,7,7,7,6,7,6,6,7,5,6,7,7,7,7,7,6,7,7,6,7,7,7,7,7,7,7,7,7,7,7,7,7,7,7,7,7,7,7,7,4,7,7,7,7,7
"281",6,7,7,6,6,6,6,6,6,6,6,6,3,5,6,3,4,5,2,3,6,6,6,6,6,2,2,2,6,2,5,7,6,6,6,6,6,5,7,7,5,2,5,6,2,7,5,6,7,6,6,6
"282",2,1,6,5,1,5,5,5,5,3,1,1,1,1,1,4,1,1,1,1,6,3,3,1,5,5,1,1,1,4,7,4,4,4,4,4,4,4,4,4,2,5,3,7,5,5,2,7,7,1,1,1
"283",6,6,5,6,5,7,6,7,7,6,5,4,5,5,5,5,4,4,3,5,5,5,5,6,6,6,6,5,5,4,5,6,6,5,6,6,6,6,6,6,5,5,5,7,6,4,5,6,5,6,6,6
"284",5,6,6,6,6,6,6,6,6,6,6,6,5,6,5,4,5,5,4,4,6,5,6,6,6,5,5,5,5,5,6,7,7,7,7,7,7,7,7,7,4,4,4,7,4,5,5,7,5,7,7,7
"285",5,5,5,5,5,5,5,3,5,5,5,2,5,5,5,2,5,4,3,3,6,5,5,2,6,2,4,2,2,4,3,3,3,3,3,3,5,4,5,5,3,4,2,5,2,7,3,6,7,2,2,2
"286",6,6,6,6,6,6,6,6,6,6,6,6,6,6,7,5,5,3,5,5,7,7,6,6,7,5,3,3,2,3,5,7,7,7,6,7,7,7,7,7,3,3,3,6,3,6,4,6,6,5,5,4
"287",7,7,7,7,6,7,7,7,7,7,7,7,5,5,6,7,7,7,7,7,7,7,7,7,6,5,6,7,5,5,5,7,7,7,7,7,7,7,7,7,7,7,5,7,7,7,5,7,7,7,7,7
"288",5,5,7,7,1,6,5,7,7,7,5,1,1,1,1,1,1,1,1,1,5,1,2,1,1,5,4,2,3,1,3,7,7,7,7,5,7,7,7,7,1,1,1,7,5,7,3,7,7,4,4,4
"289",5,5,6,6,5,5,6,5,5,5,5,5,3,5,5,3,6,2,3,3,7,5,6,4,7,4,7,6,5,6,1,7,4,5,4,6,5,4,6,7,5,6,5,7,7,5,5,6,6,5,2,5
"290",5,7,6,6,5,7,6,6,7,6,6,7,7,5,5,5,6,1,6,4,6,1,6,1,3,3,1,2,2,2,6,6,6,5,6,6,7,6,6,6,2,2,3,7,4,6,5,7,7,3,3,3
"291",6,6,6,7,6,7,7,7,7,7,5,5,6,6,7,3,5,3,5,5,6,6,6,7,7,5,2,2,2,2,6,7,7,7,7,7,7,7,7,7,6,5,5,7,7,7,6,6,6,7,7,7
"292",5,5,5,6,5,7,4,5,5,4,5,4,5,5,5,4,4,4,4,4,5,5,5,4,3,4,4,4,3,3,3,5,6,7,5,5,6,6,7,7,4,7,4,7,7,7,2,7,7,2,1,2
"293",7,7,7,7,7,6,5,7,7,7,6,7,7,7,7,5,6,1,6,6,6,7,5,7,7,5,6,7,6,7,3,7,6,7,6,7,7,6,7,7,7,7,6,7,7,7,5,7,7,7,7,7
"294",7,7,7,6,6,6,6,5,7,7,5,5,6,5,2,6,6,1,3,5,7,7,2,7,7,3,3,3,4,5,7,6,7,7,7,7,7,7,7,7,4,4,4,4,4,5,6,7,7,7,7,7
"295",5,6,4,6,5,6,7,6,7,7,5,5,2,2,1,6,1,1,1,1,1,1,2,1,2,5,2,1,1,5,3,7,7,6,6,7,7,7,5,7,6,5,5,7,6,7,7,7,7,7,7,7
"296",5,5.2,6,7,3,7,6,7,7,5,6,5,5,6,3,6,6,3,5,3,5,5,6,5,5,5,5,6,5,3,5,6,7,5,6,6,6,5,6,6,6,6,6,7,6,7,6,7,7,7,7,7
"297",6,6,6,6,6,7,6,7,7,7,5,5,5,6,5,6,5,3,5,6,6,5,6,6,6,3,4,4,2,5,5,7,7,7,7,7,7,7,7,7,2,3,1,5,5,3,3,3,4,5,5,4
"298",7,6,6,5,7,6,7,6,6,6,4,3,3,2,6,2,3,3,3,1,5,6,6,6,5,5,3,4,6,3,6,5,6,5,5,6,6,6,4,5,5,4,4,6,3,6,4,4,5,4,4,5
"299",6,6,5,5,5,7,6,7,7,6,3,1,4,2,5,5,2,2,2,2,1,2,2,2,5,6,5,6,5,6,5,6,6,6,6,6,7,6,6,7,7,6,6,7,7,6,5,7,6,7,7,7
"300",6,7,7,7,7,7,7,7,7,6,6,4,7,4,7,6,4,3,5,3,6,6,7,5,5,6,5,7,5,4,7,7,6,6,7,7,7,7,7,7,7,6,6,7,6,6,7,6,7,7,6,7
"301",5,5,5,6,1,7,3,5,7,7,5,2,4,4,5,3,2,3,1,1,7,2,5,5,5,6,5,4,4,5,6,7,7,5,7,6,7,7,7,7,4,4,5,7,5,7,7,7,7,7,5,7
"302",6,6,7,7,7,7,7,7,7,7,4,5,7,5,7,7,7,1,6,6,6,5,5,6,7,5,6,7,5,6,5,6,6,6,5,5,5,5,5,7,6,4,2,5,2,6,6,7,7,4,4,4
"303",1,5,1,3,1,5,3,6,5,1,1,1,1,1,1,1,1,1,1,1,6,1,1,1,5,7,2,5,1,6,2,3,3,3,3,3,3,3,3,3,6,4,4,6,5,3,6,5,3,1,1,1
"304",7,6,5,4,6,7,6,7,7,7,7,6,6,6,3,3,4,5,5,3,6,6,6,5,6,6,5,5,6,4,6,7,6,6,6,6,7,6,5,7,6,5,5,7,7,7,7,7,7,7,7,6
"305",6,6,5,5,4,5,5,6,6,5,4,4,4,2,6,3,5,3,2,3,6,6,6,6,7,3,3,3,2,4,5,6,5,4,5,5,6,4,6,6,2,4,2,6,4,2,2,3,3,4,4,2
"306",7,7,5,5,5,7,6,6,6,6,7,7,5,7,4,5,4,6,3,4,5,6,6,4,7,6,4,4,2,4,4,7,6,6,5,7,6,5,6,7,3,2,3,7,6,7,4,6,7,4,4,4
"307",3,4,5,3,1,5,3,4,5,5,3,1,1,1,3,1,1,1,1,1,6,1,3,4,6,1,4,4,4,4,4,5,4,3,2,4,4,1,5,4,1,3,1,5,3,5,5,5,6,6,6,5
"308",7,7,7,7,7,6,6,7,7,7,7,7,7,7,7,6,7,7,7,7,7,7,7,7,7,3,4,4,5,7,7,7,7,7,7,7,7,7,7,7,6,7,4,7,7,7,7,7,7,7,7,7
"309",6,6,6,5,6,6,6,6,6,6,4,4,5,4,6,6,5,4,4,4,6,6,6,4,5,5,5,6,4,6,5,7,7,7,7,7,7,7,7,7,6,5,5,7,7,7,7,7,7,7,7,7
"310",7,6,5,6,6,7,7,7,7,7,6,7,7,7,6,6,6,3,5,6,7,6,6,4,7,5,2,3,2,1,5,6,6,5,6,7,7,6,7,6,6,6,5,7,5,7,7,6,6,6,6,6
"311",7,7,7,7,7,7,7,7,7,7,6,6,7,7,6,7,5,7,7,7,7,7,7,7,7,6,4,6,5,3,7,7,7,5,7,7,7,6,7,7,7,7,7,7,7,7,5,7,7,6,7,6
"312",7,7,7,7,7,6,6,7,7,5,7,7,7,7,5,7,7,6,7,7,6,6,6,7,6,3,1,1,1,1,3,7,7,7,7,7,7,7,7,7,1,2,1,7,5,1,4,5,5,4,5,4
"313",6,5,5,7,7,4,6,4,7,5,6,6,6,6,6,4,4,2,4,3,6,5,3,3,5,3,5,5,6,3,6,6,6,6,6,6,6,5,6,6,3,3,3,4,5,7,6,7,7,6,6,6
"314",6,5,5,5,6,6,6,5,6,5,5,5,5,5,5,5,5,3,5,5,7,4,3,3,5,5,4,3,4,5,3,6,5,6,5,5,6,6,6,6,4,4,4,5,4,6,5,6,6,5,5,5
"315",5,5,6,7,7,6,7,6,7,7,6,5,7,7,5,5,5,4,3,4,7,6,6,7,7,4,5,5,5,7,4,7,7,7,6,7,7,7,7,7,6,4,5,7,4,7,5,7,7,7,7,7
"316",6,6,6,5,6,5,5,5,5,6,6,5,5,5,5,4,4,5,4,4,5,5,6,4,6,4,4,4,4,4,3,6,6,5,5,5,6,6,6,6,4,4,3,6,5,7,5,6,7,4,3,4
"317",7,6,7,5,7,6,6,7,7,7,7,5,6,6,6,7,6,2,6,3,7,5,6,5,5,5,2,1,1,4,2,7,7,7,7,7,7,7,7,7,2,2,1,7,1,7,6,7,7,7,7,6
"318",6,6,6,5,6,6,6,6,6,6,4,5,4,5,5,3,3,5,3,2,7,7,5,5,5,4,4,5,2,5,3,6,5,5,5,5,6,5,6,5,5,3,5,7,5,6,3,6,6,6,7,6
"319",6,5,6,4,5,7,6,6,7,7,6,5,5,6,5,6,3,5,4,4,6,6,5,5,6,4,5,5,5,5,5,7,6,7,7,7,7,6,7,7,5,6,5,7,5,7,6,7,6,6,6,7
"320",5,5,5,6,6,5,5,5,5,4,3,3,4,3,6,3,3,3,3,3,6,5,6,4,6,3,5,5,3,5,4,5,3,2,4,3,5,3,4,5,4,4,3,5,4,4,3,5,5,3,3,3
"321",6,6,5,5,6,6,6,6,6,5,6,6,5,6,5,5,5,4,4,5,6,6,6,4,6,4,4,4,4,4,3,5,6,5,5,6,6,5,5,6,3,4,4,6,4,3,5,4,4,4,4,4
"322",5,5,5,5,5,6,5,5,6,5,2,4,3,5,4,4,4,1,4,4,5,3,5,4,5,6,5,4,4,4,2,5,3,5,5,4,6,4,5,4,4,2,2,2,3,7,6,6,7,2,3,2
"323",6,7,7,6,7,7,6,7,7,7,5,5,5,6,6,7,6,5,5,6,7,7,7,4,6,7,5,6,5,6,5,7,7,7,7,7,7,7,7,7,6,7,6,7,7,6,6,7,7,7,7,7
"324",7,6,7,5,5,5,5,6,7,7,5,3,3,4,5,4,4,4,4,5,7,6,7,7,7,2,1,3,1,1,3,7,7,7,7,7,7,7,7,7,5,4,3,7,6,4,5,7,5,4,4,5
"325",5,5,5,5,6,6,5,5,6,5,5,4,5,5,6,4,5,4,4,4,5,5,5,5,5,4,5,4,3,5,5,6,6,5,5,5,5,5,6,6,4,4,3,5,5,6,5,7,6,5,4,5
"326",7,6,2,6,6,7,6,6,7,2,7,2,3,4,2,2,2,1,2,1,7,7,6,2,7,2,1,1,2,2,6,7,4,1,5,4,7,4,6,7,3,2,7,3,3,7,6,6,7,7,7,6
"327",5,5,6,5,7,6,4,6,6,5,6,5,6,6,6,6,5,3,3,5,6,3,5,3,4,7,6,5,6,7,6,5,4,6,6,4,4,5,4,5,6,6,5,6,5,7,5,6,7,2,4,4
"328",5,7,6,4,4,6,5,7,6,6,5,4,5,5,3,3,2,4,3,1,6,5,5,6,6,6,4,5,5,3,6,7,7,6,5,6,7,6,6,6,6,6,5,2,6,6,7,6,5,7,7,6
"329",4,6,5,5,6,6,6,6,6,6,4,3,3,4,6,5,5,4,4,3,6,6,5,5,6,2,5,2,3,2,4,6,4,5,5,6,6,5,6,6,5,3,2,7,6,7,5,7,7,7,7,6
"330",4,6,6,5,7,7,6,7,7,7,5,3,1,5,2,5,6,7,2,5,6,6,5,6,5,1,5,3,1,3,5,7,6,7,6,7,7,5,6,6,1,4,3,5,4,5,5,6,5,5,5,6
"331",7,7,7,7,7,7,6,7,7,7,3,2,2,2,7,5,1,1,5,7,5,5,7,4,4,6,1,1,1,1,6,7,7,7,7,7,3,7,6,7,5,3,3,7,3,6,7,7,7,7,7,7
"332",7,7,7,7,7,7,7,7,7,7,4,4,7,6,7,7,6,5,7,4,7,7,7,7,7,6,4,7,4,6,6,7,7,7,7,7,7,7,7,7,7,7,7,7,7,4,5,7,6,7,7,7
"333",7,7,7,7,7,7,7,7,7,7,6,7,6,7,7,6,5,6,7,6,7,7,7,7,7,7,7,7,6,7,6,7,7,7,7,7,7,7,7,7,7,7,7,7,7,6,7,7,6,7,7,7
"334",6,7,6,6,6,7,6,6,7,7,5,5,5,4,5,6,5,5,5,5,7,6,7,7,5,3,4,5,3,4,6,7,6,5,6,5,6,5,6,6,4,3,4,7,5,5,5,7,5,4,4,4
"335",5,5,5,3,5,5,5,3,7,5,6,4,5,5,4,5,3,5,3,2,5,5,6,5,6,2,3,2,2,2,2,7,4,4,5,6,5,4,5,6,3,4,2,6,3,5,5,4,6,3,5,6
"336",6,6,6,6,6,6,5,7,7,6,6,4,6,4,6,4,4,5,4,4,6,6,6,6,6,6,5,5,5,5,3,6,6,7,7,7,6,6,7,6,6,6,6,6,6,6,5,7,6,7,7,7
"337",6,7,7,7,7,7,7,7,7,7,7,7,7,7,7,7,6,6,7,7,6,6,6,7,6,6,5,5,5,6,7,7,7,7,7,7,7,7,7,7,7,7,6,7,6,6,7,7,7,7,7,7
"338",7,6,7,7,7,7,7,7,7,6,7,6,7,5,5,5,5,6,3,5,5,7,5,5,7,3,6,6,5,6,3,7,7,7,7,7,7,7,7,7,5,7,7,7,6,4,4,7,4,5,7,7
"339",6,7,7,7,7,7,7,7,7,7,7,7,7,7,7,7,7,6,7,7,7,7,7,7,7,6,7,7,2,7,7,7,7,7,7,7,7,7,7,7,4,7,7,7,7,7,4,7,5,7,7,7
"340",6,7,6,6,6,7,6,7,7,5,5,6,6,6,6,3,5,6,4,5,5,4,6,5,5,5,4,4,5,3,4,6,5,5,5,5,6,5,5,6,4,4,4,6,4,6,5,5,6,5,6,7
"341",7,5,6,6,7,6,6,6,6,7,4,4,4,3,6,2,4,5,2,2,7,7,6,7,7,6,6,7,5,6,5,6,5,6,5,5,5,5,6,5,6,6,6,7,6,7,7,7,6,5,4,3
"342",6,6,7,6,6,5,6,6,6,6,4,4,6,5,5,5,4,5,3,3,7,5,6,6,6,3,5,5,3,5,5,7,6,6,7,7,6,7,6,6,3,3,5,6,6,6,5,6,7,7,7,7
"343",7,7,7,7,7,6,4,7,7,7,6,3,5,7,4,4,1,4,5,4,7,7,7,7,7,6,4,4,3,4,5,7,6,5,7,7,6,7,7,7,4,5,5,6,5,5,5,7,5,5,5,6
"344",7,7,7,7,7,6,7,7,7,7,7,7,7,7,7,7,7,5,5,7,7,7,7,7,7,3,2,5,7,6,7,7,7,7,7,7,7,7,7,7,7,6,7,7,7,7,7,7,7,7,7,7
"345",6,4,6,6,6,6,5,7,7,6,6,3,6,6,6,4,3,6,4,2,7,6,6,6,6,6,4,4,4,4,5,7,6,5,6,6,5,6,5,7,6,5,3,6,6,7,5,6,6,5,5,5
"346",7,7,7,7,7,7,7,7,7,7,7,7,7,7,7,7,7,7,7,7,7,7,7,7,7,7,7,7,5,6,7,7,7,7,7,7,7,7,7,7,5,7,7,7,7,7,7,7,7,4,4,4
"347",7,7,7,7,7,7,1,7,7,7,7,7,7,7,7,6,5,1,5,5,7,6,7,7,7,7,7,3,5,5,1,7,7,7,7,7,7,7,7,7,7,4,7,7,5,7,5,7,7,7,7,7
"348",6,6,6,6,6,6,6,6,7,6,6,4,5,4,5,3,4,3,2,3,7,6,6,6,7,4,5,5,5,4,5,5,5,5,5,5,5,5,6,5,6,5,4,7,6,7,6,7,7,6,7,7
"349",5,5,5,6,4,5,3,4,7,5,5,5,3,5,5,4,4,2,5,5,3,6,5,4,5,5,4,4,2,5,3,5,4,4,5,4,4,4,5,5,4,3,4,7,5,6,3,4,6,3,2,3
"350",6,6,5,6,6,7,7,7,7,7,5,3,4,4,6,4,5,6,4,5,6,7,6,7,7,5,5,4,5,4,3,6,7,7,6,6,6,6,6,6,5,5,4,7,4,5,3,5,2,7,7,7
"351",2,2,2,2,1,3,2,2,1,2,4,2,2,2,1,2,2,2,2,1,4,5,2,2,7,6,2,2,2,5,3,4,4,4,4,3,4,6,4,4,2,1,1,6,6,6,5,4,6,6,6,5
"352",6,6,6,2,4,6,6,6,7,6,3,2,4,4,2,3,2,4,2,3,1,1,1,1,1,6,5,6,5,6,5,6,5,5,5,6,6,6,6,6,6,6,6,7,6,7,6,7,7,7,7,7
"353",5,6,5,5,6,6,5,6,6,5,5,5,3,5,5,2,2,5,3,2,5,6,6,3,5,5,4,4,5,2,5,4,5,4,5,3,4,5,4,5,5,4,4,6,3,7,3,3,7,2,2,2
"354",6,7,6,5,6,6,5,7,7,6,5,4,3,3,6,3,3,5,2,5,7,5,6,5,6,5,3,5,2,5,7,6,5,5,5,5,7,5,6,6,5,5,4,7,7,7,6,7,7,3,3,4
"355",6,4,5,6,7,6,4,6,4,6,6,6,2,6,7,4,4,6,6,2,7,6,6,6,7,5,6,6,5,5,6,7,7,7,7,7,7,7,7,7,7,7,7,7,7,3,7,7,7,7,7,7
"356",7,6,6,6,6,6,6,6,6,6,6,5,6,5,6,5,6,5,6,6,6,6,6,6,6,6,5,6,5,6,6,7,5,7,7,7,7,5,7,5,5,6,5,5,5,7,7,7,5,3,5,4
"357",7,7,7,7,7,7,7,7,7,6,7,6,7,7,6,7,7,7,6,6,7,7,6,6,6,5,5,6,4,4,7,7,7,7,7,7,7,7,7,7,7,4,7,7,5,6,7,7,5,6,6,7
"358",6,7,6,7,7,6,3,6,7,6,6,6,6,7,6,5,5,6,6,5,6,6,6,6,6,6,5,5,5,6,5,6,6,6,6,6,6,6,6,7,5,4,6,6,5,7,6,7,6,5,5,5
"359",5,6,4,6,6,5,2,6,6,5,4,4,5,3,6,2,2,2,4,5,5,5,6,4,5,3,3,2,2,2,2,6,7,7,7,5,7,7,7,7,2,1,3,4,2,6,6,5,5,3,4,4
"360",5,6,5,7,7,7,7,7,7,7,3,6,7,6,5,6,6,7,4,6,7,7,2,7,7,6,4,4,5,2,5,7,6,5,6,6,7,4,7,7,6,6,6,7,6,7,6,7,7,7,7,7
"361",7,7,6,7,7,7,7,7,7,5,4,4,5,5,7,6,1,3,7,5,6,5,7,5,7,2,1,1,4,1,7,7,7,7,7,7,7,7,7,7,5,3,1,7,1,7,7,7,7,7,7,7
"362",7,7,6,6,6,7,4,7,7,7,4,4,4,4,6,4,4,4,4,4,7,7,7,7,7,3,4,4,2,4,1,5,6,5,6,5,7,5,7,7,4,5,4,6,6,5,2,7,5,3,5,7
"363",6,6,6,5,5,7,6,7,6,6,7,6,6,5,5,4,5,3,3,2,7,6,6,7,7,6,7,7,5,5,6,7,7,6,6,6,7,6,7,6,5,6,3,7,7,6,4,1,7,7,7,7
"364",3,6,5,5,5,5,2,5,6,6,2,3,5,6,5,3,3,3,4,4,6,5,6,6,5,7,5,5,6,6,6,5,4,4,5,5,6,4,7,4,5,5,6,6,6,5,5,5,7,7,6,7
"365",7,7,7,4,7,7,7,7,7,7,7,4,7,4,7,4,4,4,7,4,7,7,7,7,7,7,7,7,7,7,5,7,7,7,7,7,7,7,7,7,7,7,7,7,7,7,7,7,7,7,7,7
"366",5,6,6,5,6,6,5,6,6,5,6,5,6,6,6,6,6,6,4,6,2,5,3,5,6,6,4,2,2,3,5,7,7,7,7,7,7,7,7,7,6,3,2,7,4,7,7,7,7,6,7,7
"367",5,6,5,6,6,7,6,7,7,7,7,7,7,7,6,7,6,6,6,7,7,7,6,7,7,6,5,6,6,6,5,7,7,7,7,6,7,7,7,7,7,7,7,7,7,1,3,5,2,7,7,7
"368",7,7,7,6,6,6,5,7,7,7,6,6,6,6,5,3,3,4,5,4,7,7,6,7,7,4,7,6,6,6,6,7,7,7,6,7,7,5,7,7,6,7,6,7,6,5,6,7,6,7,7,7
"369",7,7,7,7,7,7,7,7,7,7,5,6,6,6,7,7,6,4,6,6,7,7,7,7,6,7,5,7,7,5,7,7,7,7,7,7,7,7,7,7,7,6,6,6,6,6,7,7,6,7,7,7
"370",6,5,5,6,6,7,7,6,7,6,4,5,3,5,5,5,4,2,2,3,3,5,3,6,6,5,5,5,5,5,6,7,6,6,6,6,6,6,6,6,5,6,5,7,5,5,5,7,6,7,6,6
"371",5,5,5,6,5,5,4,5,6,7,4,4,4,4,5,1,1,5,3,2,5,6,5,4,5,4,4,2,2,2,4,7,7,7,7,6,7,7,7,7,4,2,1,6,1,7,4,7,7,2,3,2
"372",4,4,5,7,7,7,7,7,7,7,4,4,4,4,7,2,4,4,2,1,7,7,7,7,7,3,5,3,1,5,2,7,4,7,7,7,7,7,7,7,1,1,1,4,1,1,2,7,1,3,3,3
"373",7,7,7,7,7,7,1,7,7,7,5,7,7,7,7,5,6,5,7,6,7,7,7,7,7,5,6,5,5,7,3,7,7,7,7,7,7,7,7,7,7,7,7,7,7,7,7,7,6,5,5,5
"374",7,5,6,7,6,7,6,7,7,6,7,6,7,6,6,5,6,5,4,5,7,7,6,6,7,6,6,6,3,7,5,7,6,6,6,7,7,6,7,7,5,7,6,7,7,6,6,7,6,4,5,6
"375",6,7,7,6,7,7,7,7,7,5,6,4,4,3,6,5,6,5,4,5,7,6,7,6,7,5,4,5,5,4,7,7,5,6,5,6,7,5,7,6,4,3,4,7,3,4,4,5,4,6,6,5
"376",7,7,7,7,7,7,7,7,7,7,7,6,5,4,7,5,5,4,3,5,7,6,7,7,7,6,5,5,5,5,6,7,7,5,7,7,7,7,7,7,6,7,5,7,5,6,6,7,7,7,7,7
"377",6,6,5,4,5,7,6,7,6,6,3,5,4,6,4,2,2,5,4,2,5,6,3,6,5,4,4,5,5,3,4,7,7,6,6,6,7,6,7,6,6,6,6,7,6,5,6,7,7,7,7,7
"378",6,6,7,7,7,7,6,5,7,7,6,5,7,7,7,7,7,4,7,7,2,2,6,5,5,1,3,6,1,3,5,7,6,6,6,7,7,6,7,6,2,4,2,4,6,6,5,7,7,7,7,7
"379",6,6,6,6,6,5,5,5,6,6,6,4,5,7,6,4,1,5,5,5,5,6,4,6,6,4,3,5,5,5,6,7,6,6,6,6,6,6,6,7,5,5,4,7,4,5,7,6,7,7,7,7
"380",6,6,7,5,7,7,6,7,7,7,6,6,6,7,6,6,5,4,5,3,6,6,6,7,7,5,6,6,3,6,5,7,7,7,7,7,7,7,7,7,3,5,7,7,7,7,6,7,7,7,7,7
"381",4,4,6,3,6,4,2,5,5,6,4,4,4,2,6,4,2,4,2,4,7,6,6,6,6,4,2,2,2,2,4,3,3,3,3,4,4,3,5,4,1,1,1,5,1,3,2,3,3,3,3,3
"382",6,6,3,5,4,6,6,5,6,6,2,6,3,2,1,2,4,2,2,2,3,3,3,3,3,3,1,4,1,1,3,6,6,6,6,6,6,6,5,7,2,2,3,7,4,7,4,6,7,5,5,5
"383",6,5,5,6,4,6,7,6,7,5,7,4,4,4,2,1,4,4,1,2,7,7,7,5,7,4,4,4,4,2,5,5,6,4,6,7,7,6,7,5,4,4,4,7,4,7,4,7,7,7,7,7
"384",6,6,6,6,6,6,6,7,6,6,5,4,6,5,5,5,4,4,3,5,6,5,5,6,6,5,2,3,3,4,3,6,6,6,6,6,6,6,6,6,5,3,3,7,5,6,5,7,7,3,3,3
"385",5,6,6,5,5,6,5,6,5,5,6,5,4,4,6,5,5,4,4,5,6,6,6,5,6,5,5,4,5,4,5,6,6,6,6,6,6,6,6,6,5,5,5,6,5,6,6,6,6,6,6,6
"386",6,6,6,7,6,5,4,6,6,6,6,6,6,6,6,5,5,5,5,5,6,6,6,6,6,4,5,5,5,6,5,6,6,6,6,6,6,6,6,6,5,6,6,6,6,6,5,6,6,6,6,6
"387",5,5,6,5,5,6,6,5,6,4,6,5,3,4,6,4,4,3,4,4,6,6,5,6,6,6,6,6,5,6,5,6,5,5,4,5,6,5,6,6,5,5,5,6,6,7,4,5,6,5,5,5
"388",6,7,7,7,7,7,6,7,7,7,4,2,3,4,6,7,4,4,4,4,7,6,5,7,6,5,5,7,7,6,5,7,7,7,7,4,7,7,7,7,6,4,5,7,4,7,7,7,7,7,7,7
"389",7,1,3,7,5,7,7,7,7,7,1,1,1,1,1,5,1,1,1,1,1,1,1,3,1,4,1,5,3,1,3,7,7,7,7,7,7,7,7,7,5,4,4,7,7,7,7,7,7,7,7,7
"390",6,6,6,6,6,7,7,7,7,6,4,5,5,5,5,5,6,4,5,5,7,6,6,6,7,3,3,4,3,4,5,5,5,5,5,6,6,5,5,6,6,4,5,7,4,6,6,7,6,5,5,5
"391",7,7,7,7,7,7,7,7,7,7,7,7,7,7,7,7,5,7,7,7,7,7,7,7,7,7,7,7,7,7,7,7,7,7,7,7,7,7,7,7,7,7,7,7,7,4,7,7,7,7,7,7
"392",7,6,6,6,5,7,7,6,7,6,4,3,6,3,5,7,6,7,5,5,6,6,6,5,4,1,1,2,2,1,5,6,6,6,6,6,6,6,6,6,4,3,4,7,4,7,3,5,6,6,5,4
"393",6,6,6,7,6,4,4,5,6,6,6,4,6,5,6,4,6,5,2,2,7,6,6,6,6,3,2,3,3,3,7,7,5,5,4,5,6,4,6,6,3,5,3,3,3,6,6,6,6,4,4,5
"394",7,7,6,7,7,6,7,7,7,7,5,3,4,3,5,2,3,2,5,4,3,5,5,3,4,3,3,4,4,1,6,5,5,5,5,5,5,4,5,5,6,7,3,7,3,3,7,7,3,7,7,6
"395",6,5,5,5,6,6,4,6,7,6,5,5,5,5,6,5,5,5,5,5,6,6,5,6,6,3,3,3,2,2,3,6,6,7,7,6,7,6,7,6,4,3,5,4,4,5,3,6,6,7,7,7
"396",6,7,7,7,7,7,7,7,7,7,7,4,6,6,7,7,5,4,4,6,6,6,5,4,7,7,6,7,7,7,5,7,7,7,7,7,7,7,7,7,7,6,7,7,7,4,7,7,7,7,7,7
"397",5,5,5,7,5,7,6,7,6,6,5,4,5,5,3,5,5,2,3,5,5,4,5,3,5,3,2,6,5,5,4,7,7,7,7,7,7,7,7,7,5,5,6,7,6,4,5,7,5,6,6,6
"398",5,7,7,7,5,7,7,7,7,7,7,7,6,7,5,6,1,6,6,7,6,1,4,1,5,4,5,1,1,4,6,6,4,4,5,5,6,7,7,6,1,5,6,7,5,3,4,7,6,7,7,7
"399",7,7,4,6,6,4,3,4,4,7,2,4,1,1,6,1,2,2,2,1,7,7,4,7,7,6,3,1,2,5,7,7,3,5,3,6,7,4,7,7,4,5,1,6,7,7,7,7,3,7,7,7
"400",5,7,6,6,6,7,4,6,6,6,5,4,5,4,5,4,5,1,5,3,5,5,5,6,7,6,5,5,5,7,4,7,6,6,5,7,7,5,7,4,5,6,5,7,7,6,5,7,7,7,7,7
"401",2,6,6,6,6,5,3,6,6,6,4,5,6,5,6,1,3,3,4,4,5,5,5,2,6,3,1,2,1,4,2,7,7,7,7,7,7,5,6,7,3,2,3,5,5,7,5,7,7,5,5,5
"402",7,6,7,6,7,7,4,7,7,7,6,5,6,6,6,6,3,2,3,4,5,5,5,5,6,2,2,2,2,3,2,6,7,6,7,6,6,7,7,7,4,5,3,7,5,2,4,6,2,3,3,2
"403",6,6,5,5,5,6,6,5,6,6,1,1,2,2,4,1,2,2,2,2,5,5,5,5,5,4,4,4,4,4,4,6,4,7,4,5,5,5,5,6,7,3,3,5,3,2,2,2,3,3,3,3
"404",5,6,6,5,6,3,3,7,7,6,7,6,4,5,4,6,5,3,5,5,2,6,6,4,5,6,3,3,5,5,5,7,7,7,7,7,7,7,7,7,6,5,7,5,5,7,6,7,7,5,6,5
"405",7,7,7,7,7,7,7,7,7,7,7,7,7,7,6,6,6,5,6,6,7,7,6,6,5,5,4,4,5,5,6,7,7,6,6,7,7,7,7,7,5,6,5,5,6,7,6,7,7,6,5,7
"406",7,7,7,6,6,7,7,7,7,7,7,4,6,6,4,7,6,1,2,1,7,7,7,7,7,7,7,7,7,7,5,7,7,7,7,7,7,7,7,7,7,7,6,6,6,7,6,6,7,6,6,6
"407",6,7,6,6,6,7,7,7,7,7,4,6,5,5,4,7,5,4,5,5,5,5,5,4,5,6,5,6,5,5,4,7,7,7,7,7,7,7,7,7,6,7,5,7,6,5,6,6,7,5,5,5
"408",6,7,7,7,6,7,7,7,7,7,7,6,6,7,6,6,5,6,6,4,5,6,6,5,6,7,7,7,6,7,5,7,7,7,7,7,7,7,7,7,7,6,6,7,7,7,7,7,7,7,7,7
"409",5,5,5,5,6,5,6,6,5,6,5,6,6,5,7,1,4,5,1,4,5,6,5,4,5,2,1,1,3,1,5,6,5,6,6,6,7,5,6,6,2,2,2,7,4,7,3,6,7,6,7,7
"410",6,5,6,6,7,3,1,3,5,6,1,6,5,6,6,1,5,2,5,5,6,6,6,5,6,2,1,1,1,3,6,6,6,6,6,5,5,6,6,7,3,3,3,7,3,7,6,7,5,4,4,4
"411",7,6,7,7,6,7,7,7,7,7,7,4,1,5,6,7,5,5,7,1,3,5,6,7,5,6,7,7,7,7,7,7,7,7,7,7,7,7,7,7,7,7,7,7,7,7,7,7,7,7,7,7
"412",7,6,7,6,7,7,7,7,7,7,7,7,7,7,7,7,7,5,6,6,7,7,7,7,7,7,7,7,6,7,6,7,7,6,6,7,7,7,7,7,7,7,7,7,7,6,6,7,7,7,7,7
"413",7,7,7,7,7,7,7,7,7,7,7,7,7,7,7,3,6,7,6,6,7,7,6,7,7,5,5,5,3,5,7,7,7,7,7,7,7,7,7,7,7,7,7,7,7,7,7,7,7,7,7,7
"414",6,6,6,6,5,6,6,6,7,6,6,6,4,4,6,5,6,4,2,3,7,7,5,6,7,7,5,5,4,5,6,5,6,5,5,5,5,4,6,7,3,4,3,7,4,6,5,7,6,3,2,3
"415",7,7,7,6,7,5,4,7,7,7,5,4,6,7,7,4,6,2,7,7,7,4,7,7,7,4,2,7,5,3,3,6,6,6,6,6,6,6,6,6,7,7,6,6,6,7,6,6,6,5,6,4
"416",7,6,6,7,6,7,6,7,7,6,4,3,4,3,6,6,2,2,1,5,5,4,4,6,5,7,6,6,3,7,6,7,7,7,7,7,7,7,7,7,5,5,1,7,7,6,6,7,6,7,7,7
"417",6,7,6,5,6,6,5,6,7,6,5,5,4,5,5,3,5,2,2,2,5,7,6,3,5,5,4,6,5,5,6,6,7,5,6,7,7,6,7,7,6,7,6,6,6,3,7,7,3,7,7,6
"418",5,6,3,5,4,5,5,5,6,5,4,3,4,3,5,6,5,2,6,5,5,2,2,2,5,4,2,2,2,3,3,5,5,5,5,4,4,6,4,5,2,2,2,5,2,6,5,6,7,3,3,3
"419",7,6,6,6,6,6,6,7,7,7,6,7,6,7,6,6,7,7,7,6,6,7,7,7,7,6,7,7,6,7,6,7,7,7,7,7,7,7,7,7,6,7,7,7,6,6,7,6,7,7,7,7
"420",5,7,6,6,6,5,6,6,6,6,5,4,5,5,5,5,4,3,5,6,7,6,7,5,4,4,5,6,4,4,6,7,5,7,7,7,7,6,7,7,5,6,7,7,7,7,7,7,6,5,7,6
"421",3,6,5,6,6,7,4,7,6,6,6,5,6,6,5,3,5,5,5,4,6,6,2,2,7,5,4,2,3,4,2,6,6,6,6,6,6,6,7,6,3,3,2,6,3,4,3,2,5,1,1,2
"422",6,6,6,7,7,6,6,7,7,6,4,5,7,7,4,6,5,6,6,6,4,6,6,6,6,6,5,5,4,5,6,6,7,5,7,6,6,7,6,7,6,5,5,6,5,7,7,7,7,6,7,7
"423",7,7,7,6,7,7,7,7,7,7,2,2,4,3,2,1,1,2,2,3,7,7,5,7,6,2,1,2,3,2,7,7,7,7,7,7,7,6,7,7,7,2,2,7,5,7,5,7,6,7,7,7
"424",4,4,5,6,5,6,5,4,4,3,6,4,6,7,5,4,1,1,5,6,7,1,6,1,5,5,3,3,4,5,2,4,5,4,5,3,3,5,5,5,4,5,6,6,5,4,5,4,4,6,3,4
